patch_id,official_split,tile,day,month,year,scene
S2_1-12-19_48MYU_0,train,48MYU,1,12,19,48MYU_19-12-1
S2_1-12-19_48MYU_1,train,48MYU,1,12,19,48MYU_19-12-1
S2_1-12-19_48MYU_2,train,48MYU,1,12,19,48MYU_19-12-1
S2_1-12-19_48MYU_3,train,48MYU,1,12,19,48MYU_19-12-1
S2_11-1-19_19QDA_0,train,19QDA,11,1,19,19QDA_19-1-11
S2_11-1-19_19QDA_1,train,19QDA,11,1,19,19QDA_19-1-11
S2_11-1-19_19QDA_2,train,19QDA,11,1,19,19QDA_19-1-11
S2_11-1-19_19QDA_3,train,19QDA,11,1,19,19QDA_19-1-11
S2_11-1-19_19QDA_4,train,19QDA,11,1,19,19QDA_19-1-11
S2_12-1-17_16PCC_0,train,16PCC,12,1,17,16PCC_17-1-12
S2_12-1-17_16PCC_1,train,16PCC,12,1,17,16PCC_17-1-12
S2_12-1-17_16PCC_10,train,16PCC,12,1,17,16PCC_17-1-12
S2_12-1-17_16PCC_11,train,16PCC,12,1,17,16PCC_17-1-12
S2_12-1-17_16PCC_12,train,16PCC,12,1,17,16PCC_17-1-12
S2_12-1-17_16PCC_13,train,16PCC,12,1,17,16PCC_17-1-12
S2_12-1-17_16PCC_14,train,16PCC,12,1,17,16PCC_17-1-12
S2_12-1-17_16PCC_15,train,16PCC,12,1,17,16PCC_17-1-12
S2_12-1-17_16PCC_16,train,16PCC,12,1,17,16PCC_17-1-12
S2_12-1-17_16PCC_17,train,16PCC,12,1,17,16PCC_17-1-12
S2_12-1-17_16PCC_18,train,16PCC,12,1,17,16PCC_17-1-12
S2_12-1-17_16PCC_19,train,16PCC,12,1,17,16PCC_17-1-12
S2_12-1-17_16PCC_2,train,16PCC,12,1,17,16PCC_17-1-12
S2_12-1-17_16PCC_20,train,16PCC,12,1,17,16PCC_17-1-12
S2_12-1-17_16PCC_21,train,16PCC,12,1,17,16PCC_17-1-12
S2_12-1-17_16PCC_22,train,16PCC,12,1,17,16PCC_17-1-12
S2_12-1-17_16PCC_23,train,16PCC,12,1,17,16PCC_17-1-12
S2_12-1-17_16PCC_24,train,16PCC,12,1,17,16PCC_17-1-12
S2_12-1-17_16PCC_25,train,16PCC,12,1,17,16PCC_17-1-12
S2_12-1-17_16PCC_26,train,16PCC,12,1,17,16PCC_17-1-12
S2_12-1-17_16PCC_27,train,16PCC,12,1,17,16PCC_17-1-12
S2_12-1-17_16PCC_3,train,16PCC,12,1,17,16PCC_17-1-12
S2_12-1-17_16PCC_4,train,16PCC,12,1,17,16PCC_17-1-12
S2_12-1-17_16PCC_5,train,16PCC,12,1,17,16PCC_17-1-12
S2_12-1-17_16PCC_6,train,16PCC,12,1,17,16PCC_17-1-12
S2_12-1-17_16PCC_7,train,16PCC,12,1,17,16PCC_17-1-12
S2_12-1-17_16PCC_8,train,16PCC,12,1,17,16PCC_17-1-12
S2_12-1-17_16PCC_9,train,16PCC,12,1,17,16PCC_17-1-12
S2_12-1-19_16PEC_0,train,16PEC,12,1,19,16PEC_19-1-12
S2_12-1-19_16PEC_1,train,16PEC,12,1,19,16PEC_19-1-12
S2_12-1-19_16PEC_10,train,16PEC,12,1,19,16PEC_19-1-12
S2_12-1-19_16PEC_11,train,16PEC,12,1,19,16PEC_19-1-12
S2_12-1-19_16PEC_12,train,16PEC,12,1,19,16PEC_19-1-12
S2_12-1-19_16PEC_13,train,16PEC,12,1,19,16PEC_19-1-12
S2_12-1-19_16PEC_14,train,16PEC,12,1,19,16PEC_19-1-12
S2_12-1-19_16PEC_15,train,16PEC,12,1,19,16PEC_19-1-12
S2_12-1-19_16PEC_16,train,16PEC,12,1,19,16PEC_19-1-12
S2_12-1-19_16PEC_17,train,16PEC,12,1,19,16PEC_19-1-12
S2_12-1-19_16PEC_18,train,16PEC,12,1,19,16PEC_19-1-12
S2_12-1-19_16PEC_19,train,16PEC,12,1,19,16PEC_19-1-12
S2_12-1-19_16PEC_2,train,16PEC,12,1,19,16PEC_19-1-12
S2_12-1-19_16PEC_20,train,16PEC,12,1,19,16PEC_19-1-12
S2_12-1-19_16PEC_21,train,16PEC,12,1,19,16PEC_19-1-12
S2_12-1-19_16PEC_22,train,16PEC,12,1,19,16PEC_19-1-12
S2_12-1-19_16PEC_23,train,16PEC,12,1,19,16PEC_19-1-12
S2_12-1-19_16PEC_24,train,16PEC,12,1,19,16PEC_19-1-12
S2_12-1-19_16PEC_25,train,16PEC,12,1,19,16PEC_19-1-12
S2_12-1-19_16PEC_26,train,16PEC,12,1,19,16PEC_19-1-12
S2_12-1-19_16PEC_27,train,16PEC,12,1,19,16PEC_19-1-12
S2_12-1-19_16PEC_28,train,16PEC,12,1,19,16PEC_19-1-12
S2_12-1-19_16PEC_29,train,16PEC,12,1,19,16PEC_19-1-12
S2_12-1-19_16PEC_3,train,16PEC,12,1,19,16PEC_19-1-12
S2_12-1-19_16PEC_30,train,16PEC,12,1,19,16PEC_19-1-12
S2_12-1-19_16PEC_31,train,16PEC,12,1,19,16PEC_19-1-12
S2_12-1-19_16PEC_32,train,16PEC,12,1,19,16PEC_19-1-12
S2_12-1-19_16PEC_33,train,16PEC,12,1,19,16PEC_19-1-12
S2_12-1-19_16PEC_34,train,16PEC,12,1,19,16PEC_19-1-12
S2_12-1-19_16PEC_35,train,16PEC,12,1,19,16PEC_19-1-12
S2_12-1-19_16PEC_36,train,16PEC,12,1,19,16PEC_19-1-12
S2_12-1-19_16PEC_37,train,16PEC,12,1,19,16PEC_19-1-12
S2_12-1-19_16PEC_38,train,16PEC,12,1,19,16PEC_19-1-12
S2_12-1-19_16PEC_39,train,16PEC,12,1,19,16PEC_19-1-12
S2_12-1-19_16PEC_4,train,16PEC,12,1,19,16PEC_19-1-12
S2_12-1-19_16PEC_40,train,16PEC,12,1,19,16PEC_19-1-12
S2_12-1-19_16PEC_41,train,16PEC,12,1,19,16PEC_19-1-12
S2_12-1-19_16PEC_42,train,16PEC,12,1,19,16PEC_19-1-12
S2_12-1-19_16PEC_43,train,16PEC,12,1,19,16PEC_19-1-12
S2_12-1-19_16PEC_44,train,16PEC,12,1,19,16PEC_19-1-12
S2_12-1-19_16PEC_45,train,16PEC,12,1,19,16PEC_19-1-12
S2_12-1-19_16PEC_46,train,16PEC,12,1,19,16PEC_19-1-12
S2_12-1-19_16PEC_47,train,16PEC,12,1,19,16PEC_19-1-12
S2_12-1-19_16PEC_48,train,16PEC,12,1,19,16PEC_19-1-12
S2_12-1-19_16PEC_49,train,16PEC,12,1,19,16PEC_19-1-12
S2_12-1-19_16PEC_5,train,16PEC,12,1,19,16PEC_19-1-12
S2_12-1-19_16PEC_50,train,16PEC,12,1,19,16PEC_19-1-12
S2_12-1-19_16PEC_51,train,16PEC,12,1,19,16PEC_19-1-12
S2_12-1-19_16PEC_52,train,16PEC,12,1,19,16PEC_19-1-12
S2_12-1-19_16PEC_53,train,16PEC,12,1,19,16PEC_19-1-12
S2_12-1-19_16PEC_54,train,16PEC,12,1,19,16PEC_19-1-12
S2_12-1-19_16PEC_55,train,16PEC,12,1,19,16PEC_19-1-12
S2_12-1-19_16PEC_56,train,16PEC,12,1,19,16PEC_19-1-12
S2_12-1-19_16PEC_57,train,16PEC,12,1,19,16PEC_19-1-12
S2_12-1-19_16PEC_58,train,16PEC,12,1,19,16PEC_19-1-12
S2_12-1-19_16PEC_59,train,16PEC,12,1,19,16PEC_19-1-12
S2_12-1-19_16PEC_6,train,16PEC,12,1,19,16PEC_19-1-12
S2_12-1-19_16PEC_7,train,16PEC,12,1,19,16PEC_19-1-12
S2_12-1-19_16PEC_8,train,16PEC,12,1,19,16PEC_19-1-12
S2_12-1-19_16PEC_9,train,16PEC,12,1,19,16PEC_19-1-12
S2_13-12-18_16PCC_0,train,16PCC,13,12,18,16PCC_18-12-13
S2_13-12-18_16PCC_1,train,16PCC,13,12,18,16PCC_18-12-13
S2_13-12-18_16PCC_10,train,16PCC,13,12,18,16PCC_18-12-13
S2_13-12-18_16PCC_11,train,16PCC,13,12,18,16PCC_18-12-13
S2_13-12-18_16PCC_12,train,16PCC,13,12,18,16PCC_18-12-13
S2_13-12-18_16PCC_13,train,16PCC,13,12,18,16PCC_18-12-13
S2_13-12-18_16PCC_14,train,16PCC,13,12,18,16PCC_18-12-13
S2_13-12-18_16PCC_15,train,16PCC,13,12,18,16PCC_18-12-13
S2_13-12-18_16PCC_16,train,16PCC,13,12,18,16PCC_18-12-13
S2_13-12-18_16PCC_17,train,16PCC,13,12,18,16PCC_18-12-13
S2_13-12-18_16PCC_18,train,16PCC,13,12,18,16PCC_18-12-13
S2_13-12-18_16PCC_19,train,16PCC,13,12,18,16PCC_18-12-13
S2_13-12-18_16PCC_2,train,16PCC,13,12,18,16PCC_18-12-13
S2_13-12-18_16PCC_20,train,16PCC,13,12,18,16PCC_18-12-13
S2_13-12-18_16PCC_21,train,16PCC,13,12,18,16PCC_18-12-13
S2_13-12-18_16PCC_22,train,16PCC,13,12,18,16PCC_18-12-13
S2_13-12-18_16PCC_23,train,16PCC,13,12,18,16PCC_18-12-13
S2_13-12-18_16PCC_24,train,16PCC,13,12,18,16PCC_18-12-13
S2_13-12-18_16PCC_25,train,16PCC,13,12,18,16PCC_18-12-13
S2_13-12-18_16PCC_26,train,16PCC,13,12,18,16PCC_18-12-13
S2_13-12-18_16PCC_27,train,16PCC,13,12,18,16PCC_18-12-13
S2_13-12-18_16PCC_28,train,16PCC,13,12,18,16PCC_18-12-13
S2_13-12-18_16PCC_29,train,16PCC,13,12,18,16PCC_18-12-13
S2_13-12-18_16PCC_3,train,16PCC,13,12,18,16PCC_18-12-13
S2_13-12-18_16PCC_30,train,16PCC,13,12,18,16PCC_18-12-13
S2_13-12-18_16PCC_31,train,16PCC,13,12,18,16PCC_18-12-13
S2_13-12-18_16PCC_32,train,16PCC,13,12,18,16PCC_18-12-13
S2_13-12-18_16PCC_4,train,16PCC,13,12,18,16PCC_18-12-13
S2_13-12-18_16PCC_5,train,16PCC,13,12,18,16PCC_18-12-13
S2_13-12-18_16PCC_6,train,16PCC,13,12,18,16PCC_18-12-13
S2_13-12-18_16PCC_7,train,16PCC,13,12,18,16PCC_18-12-13
S2_13-12-18_16PCC_8,train,16PCC,13,12,18,16PCC_18-12-13
S2_13-12-18_16PCC_9,train,16PCC,13,12,18,16PCC_18-12-13
S2_14-12-20_18QYF_0,train,18QYF,14,12,20,18QYF_20-12-14
S2_14-12-20_18QYF_1,train,18QYF,14,12,20,18QYF_20-12-14
S2_14-12-20_18QYF_2,train,18QYF,14,12,20,18QYF_20-12-14
S2_14-12-20_18QYF_3,train,18QYF,14,12,20,18QYF_20-12-14
S2_15-10-20_18QYF_0,train,18QYF,15,10,20,18QYF_20-10-15
S2_15-10-20_18QYF_1,train,18QYF,15,10,20,18QYF_20-10-15
S2_15-10-20_18QYF_10,train,18QYF,15,10,20,18QYF_20-10-15
S2_15-10-20_18QYF_2,train,18QYF,15,10,20,18QYF_20-10-15
S2_15-10-20_18QYF_3,train,18QYF,15,10,20,18QYF_20-10-15
S2_15-10-20_18QYF_4,train,18QYF,15,10,20,18QYF_20-10-15
S2_15-10-20_18QYF_5,train,18QYF,15,10,20,18QYF_20-10-15
S2_15-10-20_18QYF_6,train,18QYF,15,10,20,18QYF_20-10-15
S2_15-10-20_18QYF_7,train,18QYF,15,10,20,18QYF_20-10-15
S2_15-10-20_18QYF_8,train,18QYF,15,10,20,18QYF_20-10-15
S2_15-10-20_18QYF_9,train,18QYF,15,10,20,18QYF_20-10-15
S2_15-9-20_18QYF_0,train,18QYF,15,9,20,18QYF_20-9-15
S2_15-9-20_18QYF_1,train,18QYF,15,9,20,18QYF_20-9-15
S2_15-9-20_18QYF_2,train,18QYF,15,9,20,18QYF_20-9-15
S2_15-9-20_18QYF_3,train,18QYF,15,9,20,18QYF_20-9-15
S2_15-9-20_18QYF_4,train,18QYF,15,9,20,18QYF_20-9-15
S2_15-9-20_18QYF_5,train,18QYF,15,9,20,18QYF_20-9-15
S2_15-9-20_18QYF_6,train,18QYF,15,9,20,18QYF_20-9-15
S2_15-9-20_18QYF_7,train,18QYF,15,9,20,18QYF_20-9-15
S2_15-9-20_18QYF_8,train,18QYF,15,9,20,18QYF_20-9-15
S2_18-9-20_16PDC_0,train,16PDC,18,9,20,16PDC_20-9-18
S2_18-9-20_16PDC_1,train,16PDC,18,9,20,16PDC_20-9-18
S2_18-9-20_16PDC_10,train,16PDC,18,9,20,16PDC_20-9-18
S2_18-9-20_16PDC_11,train,16PDC,18,9,20,16PDC_20-9-18
S2_18-9-20_16PDC_12,train,16PDC,18,9,20,16PDC_20-9-18
S2_18-9-20_16PDC_13,train,16PDC,18,9,20,16PDC_20-9-18
S2_18-9-20_16PDC_14,train,16PDC,18,9,20,16PDC_20-9-18
S2_18-9-20_16PDC_15,train,16PDC,18,9,20,16PDC_20-9-18
S2_18-9-20_16PDC_16,train,16PDC,18,9,20,16PDC_20-9-18
S2_18-9-20_16PDC_17,train,16PDC,18,9,20,16PDC_20-9-18
S2_18-9-20_16PDC_18,train,16PDC,18,9,20,16PDC_20-9-18
S2_18-9-20_16PDC_19,train,16PDC,18,9,20,16PDC_20-9-18
S2_18-9-20_16PDC_2,train,16PDC,18,9,20,16PDC_20-9-18
S2_18-9-20_16PDC_20,train,16PDC,18,9,20,16PDC_20-9-18
S2_18-9-20_16PDC_21,train,16PDC,18,9,20,16PDC_20-9-18
S2_18-9-20_16PDC_22,train,16PDC,18,9,20,16PDC_20-9-18
S2_18-9-20_16PDC_23,train,16PDC,18,9,20,16PDC_20-9-18
S2_18-9-20_16PDC_24,train,16PDC,18,9,20,16PDC_20-9-18
S2_18-9-20_16PDC_25,train,16PDC,18,9,20,16PDC_20-9-18
S2_18-9-20_16PDC_26,train,16PDC,18,9,20,16PDC_20-9-18
S2_18-9-20_16PDC_27,train,16PDC,18,9,20,16PDC_20-9-18
S2_18-9-20_16PDC_28,train,16PDC,18,9,20,16PDC_20-9-18
S2_18-9-20_16PDC_29,train,16PDC,18,9,20,16PDC_20-9-18
S2_18-9-20_16PDC_3,train,16PDC,18,9,20,16PDC_20-9-18
S2_18-9-20_16PDC_4,train,16PDC,18,9,20,16PDC_20-9-18
S2_18-9-20_16PDC_5,train,16PDC,18,9,20,16PDC_20-9-18
S2_18-9-20_16PDC_6,train,16PDC,18,9,20,16PDC_20-9-18
S2_18-9-20_16PDC_7,train,16PDC,18,9,20,16PDC_20-9-18
S2_18-9-20_16PDC_8,train,16PDC,18,9,20,16PDC_20-9-18
S2_18-9-20_16PDC_9,train,16PDC,18,9,20,16PDC_20-9-18
S2_19-3-20_18QYF_0,train,18QYF,19,3,20,18QYF_20-3-19
S2_19-3-20_18QYF_1,train,18QYF,19,3,20,18QYF_20-3-19
S2_19-3-20_18QYF_2,train,18QYF,19,3,20,18QYF_20-3-19
S2_19-3-20_18QYF_3,train,18QYF,19,3,20,18QYF_20-3-19
S2_19-3-20_18QYF_4,train,18QYF,19,3,20,18QYF_20-3-19
S2_19-3-20_18QYF_5,train,18QYF,19,3,20,18QYF_20-3-19
S2_20-10-20_18QYF_0,train,18QYF,20,10,20,18QYF_20-10-20
S2_20-10-20_18QYF_1,train,18QYF,20,10,20,18QYF_20-10-20
S2_20-10-20_18QYF_2,train,18QYF,20,10,20,18QYF_20-10-20
S2_20-10-20_18QYF_3,train,18QYF,20,10,20,18QYF_20-10-20
S2_20-4-18_30VWH_0,train,30VWH,20,4,18,30VWH_18-4-20
S2_20-4-18_30VWH_1,train,30VWH,20,4,18,30VWH_18-4-20
S2_20-4-18_30VWH_2,train,30VWH,20,4,18,30VWH_18-4-20
S2_20-4-18_30VWH_3,train,30VWH,20,4,18,30VWH_18-4-20
S2_20-4-18_30VWH_4,train,30VWH,20,4,18,30VWH_18-4-20
S2_20-4-18_30VWH_5,train,30VWH,20,4,18,30VWH_18-4-20
S2_20-4-18_30VWH_6,train,30VWH,20,4,18,30VWH_18-4-20
S2_20-4-18_30VWH_7,train,30VWH,20,4,18,30VWH_18-4-20
S2_20-4-18_30VWH_8,train,30VWH,20,4,18,30VWH_18-4-20
S2_20-4-18_30VWH_9,train,30VWH,20,4,18,30VWH_18-4-20
S2_21-2-17_16PCC_0,train,16PCC,21,2,17,16PCC_17-2-21
S2_21-2-17_16PCC_1,train,16PCC,21,2,17,16PCC_17-2-21
S2_21-2-17_16PCC_10,train,16PCC,21,2,17,16PCC_17-2-21
S2_21-2-17_16PCC_11,train,16PCC,21,2,17,16PCC_17-2-21
S2_21-2-17_16PCC_12,train,16PCC,21,2,17,16PCC_17-2-21
S2_21-2-17_16PCC_13,train,16PCC,21,2,17,16PCC_17-2-21
S2_21-2-17_16PCC_14,train,16PCC,21,2,17,16PCC_17-2-21
S2_21-2-17_16PCC_15,train,16PCC,21,2,17,16PCC_17-2-21
S2_21-2-17_16PCC_16,train,16PCC,21,2,17,16PCC_17-2-21
S2_21-2-17_16PCC_17,train,16PCC,21,2,17,16PCC_17-2-21
S2_21-2-17_16PCC_18,train,16PCC,21,2,17,16PCC_17-2-21
S2_21-2-17_16PCC_19,train,16PCC,21,2,17,16PCC_17-2-21
S2_21-2-17_16PCC_2,train,16PCC,21,2,17,16PCC_17-2-21
S2_21-2-17_16PCC_20,train,16PCC,21,2,17,16PCC_17-2-21
S2_21-2-17_16PCC_21,train,16PCC,21,2,17,16PCC_17-2-21
S2_21-2-17_16PCC_22,train,16PCC,21,2,17,16PCC_17-2-21
S2_21-2-17_16PCC_23,train,16PCC,21,2,17,16PCC_17-2-21
S2_21-2-17_16PCC_24,train,16PCC,21,2,17,16PCC_17-2-21
S2_21-2-17_16PCC_3,train,16PCC,21,2,17,16PCC_17-2-21
S2_21-2-17_16PCC_4,train,16PCC,21,2,17,16PCC_17-2-21
S2_21-2-17_16PCC_5,train,16PCC,21,2,17,16PCC_17-2-21
S2_21-2-17_16PCC_6,train,16PCC,21,2,17,16PCC_17-2-21
S2_21-2-17_16PCC_7,train,16PCC,21,2,17,16PCC_17-2-21
S2_21-2-17_16PCC_8,train,16PCC,21,2,17,16PCC_17-2-21
S2_21-2-17_16PCC_9,train,16PCC,21,2,17,16PCC_17-2-21
S2_22-3-20_18QWF_0,train,18QWF,22,3,20,18QWF_20-3-22
S2_22-3-20_18QWF_1,train,18QWF,22,3,20,18QWF_20-3-22
S2_22-3-20_18QWF_2,train,18QWF,22,3,20,18QWF_20-3-22
S2_22-3-20_18QWF_3,train,18QWF,22,3,20,18QWF_20-3-22
S2_22-3-20_18QWF_4,train,18QWF,22,3,20,18QWF_20-3-22
S2_22-3-20_18QWF_5,train,18QWF,22,3,20,18QWF_20-3-22
S2_23-1-21_18QYF_0,train,18QYF,23,1,21,18QYF_21-1-23
S2_23-1-21_18QYF_1,train,18QYF,23,1,21,18QYF_21-1-23
S2_23-1-21_18QYF_2,train,18QYF,23,1,21,18QYF_21-1-23
S2_23-9-20_16PCC_0,train,16PCC,23,9,20,16PCC_20-9-23
S2_23-9-20_16PCC_1,train,16PCC,23,9,20,16PCC_20-9-23
S2_23-9-20_16PCC_10,train,16PCC,23,9,20,16PCC_20-9-23
S2_23-9-20_16PCC_11,train,16PCC,23,9,20,16PCC_20-9-23
S2_23-9-20_16PCC_12,train,16PCC,23,9,20,16PCC_20-9-23
S2_23-9-20_16PCC_13,train,16PCC,23,9,20,16PCC_20-9-23
S2_23-9-20_16PCC_14,train,16PCC,23,9,20,16PCC_20-9-23
S2_23-9-20_16PCC_15,train,16PCC,23,9,20,16PCC_20-9-23
S2_23-9-20_16PCC_16,train,16PCC,23,9,20,16PCC_20-9-23
S2_23-9-20_16PCC_17,train,16PCC,23,9,20,16PCC_20-9-23
S2_23-9-20_16PCC_18,train,16PCC,23,9,20,16PCC_20-9-23
S2_23-9-20_16PCC_19,train,16PCC,23,9,20,16PCC_20-9-23
S2_23-9-20_16PCC_2,train,16PCC,23,9,20,16PCC_20-9-23
S2_23-9-20_16PCC_20,train,16PCC,23,9,20,16PCC_20-9-23
S2_23-9-20_16PCC_21,train,16PCC,23,9,20,16PCC_20-9-23
S2_23-9-20_16PCC_22,train,16PCC,23,9,20,16PCC_20-9-23
S2_23-9-20_16PCC_23,train,16PCC,23,9,20,16PCC_20-9-23
S2_23-9-20_16PCC_24,train,16PCC,23,9,20,16PCC_20-9-23
S2_23-9-20_16PCC_25,train,16PCC,23,9,20,16PCC_20-9-23
S2_23-9-20_16PCC_26,train,16PCC,23,9,20,16PCC_20-9-23
S2_23-9-20_16PCC_27,train,16PCC,23,9,20,16PCC_20-9-23
S2_23-9-20_16PCC_28,train,16PCC,23,9,20,16PCC_20-9-23
S2_23-9-20_16PCC_29,train,16PCC,23,9,20,16PCC_20-9-23
S2_23-9-20_16PCC_3,train,16PCC,23,9,20,16PCC_20-9-23
S2_23-9-20_16PCC_30,train,16PCC,23,9,20,16PCC_20-9-23
S2_23-9-20_16PCC_31,train,16PCC,23,9,20,16PCC_20-9-23
S2_23-9-20_16PCC_32,train,16PCC,23,9,20,16PCC_20-9-23
S2_23-9-20_16PCC_33,train,16PCC,23,9,20,16PCC_20-9-23
S2_23-9-20_16PCC_34,train,16PCC,23,9,20,16PCC_20-9-23
S2_23-9-20_16PCC_35,train,16PCC,23,9,20,16PCC_20-9-23
S2_23-9-20_16PCC_36,train,16PCC,23,9,20,16PCC_20-9-23
S2_23-9-20_16PCC_37,train,16PCC,23,9,20,16PCC_20-9-23
S2_23-9-20_16PCC_38,train,16PCC,23,9,20,16PCC_20-9-23
S2_23-9-20_16PCC_39,train,16PCC,23,9,20,16PCC_20-9-23
S2_23-9-20_16PCC_4,train,16PCC,23,9,20,16PCC_20-9-23
S2_23-9-20_16PCC_40,train,16PCC,23,9,20,16PCC_20-9-23
S2_23-9-20_16PCC_41,train,16PCC,23,9,20,16PCC_20-9-23
S2_23-9-20_16PCC_42,train,16PCC,23,9,20,16PCC_20-9-23
S2_23-9-20_16PCC_43,train,16PCC,23,9,20,16PCC_20-9-23
S2_23-9-20_16PCC_44,train,16PCC,23,9,20,16PCC_20-9-23
S2_23-9-20_16PCC_45,train,16PCC,23,9,20,16PCC_20-9-23
S2_23-9-20_16PCC_46,train,16PCC,23,9,20,16PCC_20-9-23
S2_23-9-20_16PCC_47,train,16PCC,23,9,20,16PCC_20-9-23
S2_23-9-20_16PCC_48,train,16PCC,23,9,20,16PCC_20-9-23
S2_23-9-20_16PCC_49,train,16PCC,23,9,20,16PCC_20-9-23
S2_23-9-20_16PCC_5,train,16PCC,23,9,20,16PCC_20-9-23
S2_23-9-20_16PCC_50,train,16PCC,23,9,20,16PCC_20-9-23
S2_23-9-20_16PCC_51,train,16PCC,23,9,20,16PCC_20-9-23
S2_23-9-20_16PCC_52,train,16PCC,23,9,20,16PCC_20-9-23
S2_23-9-20_16PCC_53,train,16PCC,23,9,20,16PCC_20-9-23
S2_23-9-20_16PCC_54,train,16PCC,23,9,20,16PCC_20-9-23
S2_23-9-20_16PCC_55,train,16PCC,23,9,20,16PCC_20-9-23
S2_23-9-20_16PCC_6,train,16PCC,23,9,20,16PCC_20-9-23
S2_23-9-20_16PCC_7,train,16PCC,23,9,20,16PCC_20-9-23
S2_23-9-20_16PCC_8,train,16PCC,23,9,20,16PCC_20-9-23
S2_23-9-20_16PCC_9,train,16PCC,23,9,20,16PCC_20-9-23
S2_24-10-18_16PDC_0,train,16PDC,24,10,18,16PDC_18-10-24
S2_24-10-18_16PDC_1,train,16PDC,24,10,18,16PDC_18-10-24
S2_24-10-18_16PDC_10,train,16PDC,24,10,18,16PDC_18-10-24
S2_24-10-18_16PDC_11,train,16PDC,24,10,18,16PDC_18-10-24
S2_24-10-18_16PDC_12,train,16PDC,24,10,18,16PDC_18-10-24
S2_24-10-18_16PDC_13,train,16PDC,24,10,18,16PDC_18-10-24
S2_24-10-18_16PDC_14,train,16PDC,24,10,18,16PDC_18-10-24
S2_24-10-18_16PDC_15,train,16PDC,24,10,18,16PDC_18-10-24
S2_24-10-18_16PDC_16,train,16PDC,24,10,18,16PDC_18-10-24
S2_24-10-18_16PDC_17,train,16PDC,24,10,18,16PDC_18-10-24
S2_24-10-18_16PDC_18,train,16PDC,24,10,18,16PDC_18-10-24
S2_24-10-18_16PDC_19,train,16PDC,24,10,18,16PDC_18-10-24
S2_24-10-18_16PDC_2,train,16PDC,24,10,18,16PDC_18-10-24
S2_24-10-18_16PDC_20,train,16PDC,24,10,18,16PDC_18-10-24
S2_24-10-18_16PDC_21,train,16PDC,24,10,18,16PDC_18-10-24
S2_24-10-18_16PDC_3,train,16PDC,24,10,18,16PDC_18-10-24
S2_24-10-18_16PDC_4,train,16PDC,24,10,18,16PDC_18-10-24
S2_24-10-18_16PDC_5,train,16PDC,24,10,18,16PDC_18-10-24
S2_24-10-18_16PDC_6,train,16PDC,24,10,18,16PDC_18-10-24
S2_24-10-18_16PDC_7,train,16PDC,24,10,18,16PDC_18-10-24
S2_24-10-18_16PDC_8,train,16PDC,24,10,18,16PDC_18-10-24
S2_24-10-18_16PDC_9,train,16PDC,24,10,18,16PDC_18-10-24
S2_24-11-19_48PZC_0,train,48PZC,24,11,19,48PZC_19-11-24
S2_24-11-19_48PZC_1,train,48PZC,24,11,19,48PZC_19-11-24
S2_24-11-19_48PZC_2,train,48PZC,24,11,19,48PZC_19-11-24
S2_24-11-19_48PZC_3,train,48PZC,24,11,19,48PZC_19-11-24
S2_24-11-19_48PZC_4,train,48PZC,24,11,19,48PZC_19-11-24
S2_24-11-19_48PZC_5,train,48PZC,24,11,19,48PZC_19-11-24
S2_24-11-19_48PZC_6,train,48PZC,24,11,19,48PZC_19-11-24
S2_24-11-19_48PZC_7,train,48PZC,24,11,19,48PZC_19-11-24
S2_24-11-19_48PZC_8,train,48PZC,24,11,19,48PZC_19-11-24
S2_24-4-19_36JUN_0,train,36JUN,24,4,19,36JUN_19-4-24
S2_24-4-19_36JUN_1,train,36JUN,24,4,19,36JUN_19-4-24
S2_24-4-19_36JUN_10,train,36JUN,24,4,19,36JUN_19-4-24
S2_24-4-19_36JUN_11,train,36JUN,24,4,19,36JUN_19-4-24
S2_24-4-19_36JUN_12,train,36JUN,24,4,19,36JUN_19-4-24
S2_24-4-19_36JUN_13,train,36JUN,24,4,19,36JUN_19-4-24
S2_24-4-19_36JUN_14,train,36JUN,24,4,19,36JUN_19-4-24
S2_24-4-19_36JUN_15,train,36JUN,24,4,19,36JUN_19-4-24
S2_24-4-19_36JUN_16,train,36JUN,24,4,19,36JUN_19-4-24
S2_24-4-19_36JUN_17,train,36JUN,24,4,19,36JUN_19-4-24
S2_24-4-19_36JUN_18,train,36JUN,24,4,19,36JUN_19-4-24
S2_24-4-19_36JUN_19,train,36JUN,24,4,19,36JUN_19-4-24
S2_24-4-19_36JUN_2,train,36JUN,24,4,19,36JUN_19-4-24
S2_24-4-19_36JUN_20,train,36JUN,24,4,19,36JUN_19-4-24
S2_24-4-19_36JUN_3,train,36JUN,24,4,19,36JUN_19-4-24
S2_24-4-19_36JUN_4,train,36JUN,24,4,19,36JUN_19-4-24
S2_24-4-19_36JUN_5,train,36JUN,24,4,19,36JUN_19-4-24
S2_24-4-19_36JUN_6,train,36JUN,24,4,19,36JUN_19-4-24
S2_24-4-19_36JUN_7,train,36JUN,24,4,19,36JUN_19-4-24
S2_24-4-19_36JUN_8,train,36JUN,24,4,19,36JUN_19-4-24
S2_24-4-19_36JUN_9,train,36JUN,24,4,19,36JUN_19-4-24
S2_24-8-20_16PCC_0,train,16PCC,24,8,20,16PCC_20-8-24
S2_24-8-20_16PCC_1,train,16PCC,24,8,20,16PCC_20-8-24
S2_24-8-20_16PCC_10,train,16PCC,24,8,20,16PCC_20-8-24
S2_24-8-20_16PCC_11,train,16PCC,24,8,20,16PCC_20-8-24
S2_24-8-20_16PCC_12,train,16PCC,24,8,20,16PCC_20-8-24
S2_24-8-20_16PCC_13,train,16PCC,24,8,20,16PCC_20-8-24
S2_24-8-20_16PCC_14,train,16PCC,24,8,20,16PCC_20-8-24
S2_24-8-20_16PCC_15,train,16PCC,24,8,20,16PCC_20-8-24
S2_24-8-20_16PCC_16,train,16PCC,24,8,20,16PCC_20-8-24
S2_24-8-20_16PCC_17,train,16PCC,24,8,20,16PCC_20-8-24
S2_24-8-20_16PCC_18,train,16PCC,24,8,20,16PCC_20-8-24
S2_24-8-20_16PCC_19,train,16PCC,24,8,20,16PCC_20-8-24
S2_24-8-20_16PCC_2,train,16PCC,24,8,20,16PCC_20-8-24
S2_24-8-20_16PCC_20,train,16PCC,24,8,20,16PCC_20-8-24
S2_24-8-20_16PCC_21,train,16PCC,24,8,20,16PCC_20-8-24
S2_24-8-20_16PCC_22,train,16PCC,24,8,20,16PCC_20-8-24
S2_24-8-20_16PCC_23,train,16PCC,24,8,20,16PCC_20-8-24
S2_24-8-20_16PCC_24,train,16PCC,24,8,20,16PCC_20-8-24
S2_24-8-20_16PCC_25,train,16PCC,24,8,20,16PCC_20-8-24
S2_24-8-20_16PCC_26,train,16PCC,24,8,20,16PCC_20-8-24
S2_24-8-20_16PCC_27,train,16PCC,24,8,20,16PCC_20-8-24
S2_24-8-20_16PCC_28,train,16PCC,24,8,20,16PCC_20-8-24
S2_24-8-20_16PCC_3,train,16PCC,24,8,20,16PCC_20-8-24
S2_24-8-20_16PCC_4,train,16PCC,24,8,20,16PCC_20-8-24
S2_24-8-20_16PCC_5,train,16PCC,24,8,20,16PCC_20-8-24
S2_24-8-20_16PCC_6,train,16PCC,24,8,20,16PCC_20-8-24
S2_24-8-20_16PCC_7,train,16PCC,24,8,20,16PCC_20-8-24
S2_24-8-20_16PCC_8,train,16PCC,24,8,20,16PCC_20-8-24
S2_24-8-20_16PCC_9,train,16PCC,24,8,20,16PCC_20-8-24
S2_25-5-19_48MXU_0,train,48MXU,25,5,19,48MXU_19-5-25
S2_25-5-19_48MXU_1,train,48MXU,25,5,19,48MXU_19-5-25
S2_25-5-19_48MXU_2,train,48MXU,25,5,19,48MXU_19-5-25
S2_25-5-19_48MXU_3,train,48MXU,25,5,19,48MXU_19-5-25
S2_25-5-19_48MXU_4,train,48MXU,25,5,19,48MXU_19-5-25
S2_26-2-18_16PCC_0,train,16PCC,26,2,18,16PCC_18-2-26
S2_26-2-18_16PCC_1,train,16PCC,26,2,18,16PCC_18-2-26
S2_26-2-18_16PCC_10,train,16PCC,26,2,18,16PCC_18-2-26
S2_26-2-18_16PCC_11,train,16PCC,26,2,18,16PCC_18-2-26
S2_26-2-18_16PCC_12,train,16PCC,26,2,18,16PCC_18-2-26
S2_26-2-18_16PCC_13,train,16PCC,26,2,18,16PCC_18-2-26
S2_26-2-18_16PCC_14,train,16PCC,26,2,18,16PCC_18-2-26
S2_26-2-18_16PCC_15,train,16PCC,26,2,18,16PCC_18-2-26
S2_26-2-18_16PCC_16,train,16PCC,26,2,18,16PCC_18-2-26
S2_26-2-18_16PCC_17,train,16PCC,26,2,18,16PCC_18-2-26
S2_26-2-18_16PCC_18,train,16PCC,26,2,18,16PCC_18-2-26
S2_26-2-18_16PCC_19,train,16PCC,26,2,18,16PCC_18-2-26
S2_26-2-18_16PCC_2,train,16PCC,26,2,18,16PCC_18-2-26
S2_26-2-18_16PCC_20,train,16PCC,26,2,18,16PCC_18-2-26
S2_26-2-18_16PCC_21,train,16PCC,26,2,18,16PCC_18-2-26
S2_26-2-18_16PCC_22,train,16PCC,26,2,18,16PCC_18-2-26
S2_26-2-18_16PCC_23,train,16PCC,26,2,18,16PCC_18-2-26
S2_26-2-18_16PCC_3,train,16PCC,26,2,18,16PCC_18-2-26
S2_26-2-18_16PCC_4,train,16PCC,26,2,18,16PCC_18-2-26
S2_26-2-18_16PCC_5,train,16PCC,26,2,18,16PCC_18-2-26
S2_26-2-18_16PCC_6,train,16PCC,26,2,18,16PCC_18-2-26
S2_26-2-18_16PCC_7,train,16PCC,26,2,18,16PCC_18-2-26
S2_26-2-18_16PCC_8,train,16PCC,26,2,18,16PCC_18-2-26
S2_26-2-18_16PCC_9,train,16PCC,26,2,18,16PCC_18-2-26
S2_29-11-15_16PEC_0,train,16PEC,29,11,15,16PEC_15-11-29
S2_29-11-15_16PEC_1,train,16PEC,29,11,15,16PEC_15-11-29
S2_29-11-15_16PEC_2,train,16PEC,29,11,15,16PEC_15-11-29
S2_29-11-15_16PEC_3,train,16PEC,29,11,15,16PEC_15-11-29
S2_29-11-15_16PEC_4,train,16PEC,29,11,15,16PEC_15-11-29
S2_29-11-15_16PEC_5,train,16PEC,29,11,15,16PEC_15-11-29
S2_29-11-15_16PEC_6,train,16PEC,29,11,15,16PEC_15-11-29
S2_29-11-15_16PEC_7,train,16PEC,29,11,15,16PEC_15-11-29
S2_29-11-15_16PEC_8,train,16PEC,29,11,15,16PEC_15-11-29
S2_29-11-20_18QYF_0,train,18QYF,29,11,20,18QYF_20-11-29
S2_29-11-20_18QYF_1,train,18QYF,29,11,20,18QYF_20-11-29
S2_29-11-20_18QYF_2,train,18QYF,29,11,20,18QYF_20-11-29
S2_29-11-20_18QYF_3,train,18QYF,29,11,20,18QYF_20-11-29
S2_29-11-20_18QYF_4,train,18QYF,29,11,20,18QYF_20-11-29
S2_29-11-20_18QYF_5,train,18QYF,29,11,20,18QYF_20-11-29
S2_29-11-20_18QYF_6,train,18QYF,29,11,20,18QYF_20-11-29
S2_29-11-20_18QYF_7,train,18QYF,29,11,20,18QYF_20-11-29
S2_3-1-21_18QYF_0,train,18QYF,3,1,21,18QYF_21-1-3
S2_3-1-21_18QYF_1,train,18QYF,3,1,21,18QYF_21-1-3
S2_3-1-21_18QYF_2,train,18QYF,3,1,21,18QYF_21-1-3
S2_3-1-21_18QYF_3,train,18QYF,3,1,21,18QYF_21-1-3
S2_3-1-21_18QYF_4,train,18QYF,3,1,21,18QYF_21-1-3
S2_3-11-18_16PDC_0,train,16PDC,3,11,18,16PDC_18-11-3
S2_3-11-18_16PDC_1,train,16PDC,3,11,18,16PDC_18-11-3
S2_3-11-18_16PDC_10,train,16PDC,3,11,18,16PDC_18-11-3
S2_3-11-18_16PDC_11,train,16PDC,3,11,18,16PDC_18-11-3
S2_3-11-18_16PDC_12,train,16PDC,3,11,18,16PDC_18-11-3
S2_3-11-18_16PDC_13,train,16PDC,3,11,18,16PDC_18-11-3
S2_3-11-18_16PDC_14,train,16PDC,3,11,18,16PDC_18-11-3
S2_3-11-18_16PDC_15,train,16PDC,3,11,18,16PDC_18-11-3
S2_3-11-18_16PDC_16,train,16PDC,3,11,18,16PDC_18-11-3
S2_3-11-18_16PDC_17,train,16PDC,3,11,18,16PDC_18-11-3
S2_3-11-18_16PDC_18,train,16PDC,3,11,18,16PDC_18-11-3
S2_3-11-18_16PDC_19,train,16PDC,3,11,18,16PDC_18-11-3
S2_3-11-18_16PDC_2,train,16PDC,3,11,18,16PDC_18-11-3
S2_3-11-18_16PDC_20,train,16PDC,3,11,18,16PDC_18-11-3
S2_3-11-18_16PDC_21,train,16PDC,3,11,18,16PDC_18-11-3
S2_3-11-18_16PDC_22,train,16PDC,3,11,18,16PDC_18-11-3
S2_3-11-18_16PDC_23,train,16PDC,3,11,18,16PDC_18-11-3
S2_3-11-18_16PDC_24,train,16PDC,3,11,18,16PDC_18-11-3
S2_3-11-18_16PDC_25,train,16PDC,3,11,18,16PDC_18-11-3
S2_3-11-18_16PDC_26,train,16PDC,3,11,18,16PDC_18-11-3
S2_3-11-18_16PDC_27,train,16PDC,3,11,18,16PDC_18-11-3
S2_3-11-18_16PDC_28,train,16PDC,3,11,18,16PDC_18-11-3
S2_3-11-18_16PDC_3,train,16PDC,3,11,18,16PDC_18-11-3
S2_3-11-18_16PDC_4,train,16PDC,3,11,18,16PDC_18-11-3
S2_3-11-18_16PDC_5,train,16PDC,3,11,18,16PDC_18-11-3
S2_3-11-18_16PDC_6,train,16PDC,3,11,18,16PDC_18-11-3
S2_3-11-18_16PDC_7,train,16PDC,3,11,18,16PDC_18-11-3
S2_3-11-18_16PDC_8,train,16PDC,3,11,18,16PDC_18-11-3
S2_3-11-18_16PDC_9,train,16PDC,3,11,18,16PDC_18-11-3
S2_30-8-17_16PCC_0,train,16PCC,30,8,17,16PCC_17-8-30
S2_30-8-17_16PCC_1,train,16PCC,30,8,17,16PCC_17-8-30
S2_30-8-17_16PCC_10,train,16PCC,30,8,17,16PCC_17-8-30
S2_30-8-17_16PCC_11,train,16PCC,30,8,17,16PCC_17-8-30
S2_30-8-17_16PCC_12,train,16PCC,30,8,17,16PCC_17-8-30
S2_30-8-17_16PCC_13,train,16PCC,30,8,17,16PCC_17-8-30
S2_30-8-17_16PCC_14,train,16PCC,30,8,17,16PCC_17-8-30
S2_30-8-17_16PCC_15,train,16PCC,30,8,17,16PCC_17-8-30
S2_30-8-17_16PCC_16,train,16PCC,30,8,17,16PCC_17-8-30
S2_30-8-17_16PCC_17,train,16PCC,30,8,17,16PCC_17-8-30
S2_30-8-17_16PCC_18,train,16PCC,30,8,17,16PCC_17-8-30
S2_30-8-17_16PCC_19,train,16PCC,30,8,17,16PCC_17-8-30
S2_30-8-17_16PCC_2,train,16PCC,30,8,17,16PCC_17-8-30
S2_30-8-17_16PCC_20,train,16PCC,30,8,17,16PCC_17-8-30
S2_30-8-17_16PCC_21,train,16PCC,30,8,17,16PCC_17-8-30
S2_30-8-17_16PCC_22,train,16PCC,30,8,17,16PCC_17-8-30
S2_30-8-17_16PCC_3,train,16PCC,30,8,17,16PCC_17-8-30
S2_30-8-17_16PCC_4,train,16PCC,30,8,17,16PCC_17-8-30
S2_30-8-17_16PCC_5,train,16PCC,30,8,17,16PCC_17-8-30
S2_30-8-17_16PCC_6,train,16PCC,30,8,17,16PCC_17-8-30
S2_30-8-17_16PCC_7,train,16PCC,30,8,17,16PCC_17-8-30
S2_30-8-17_16PCC_8,train,16PCC,30,8,17,16PCC_17-8-30
S2_30-8-17_16PCC_9,train,16PCC,30,8,17,16PCC_17-8-30
S2_4-12-20_18QYF_0,train,18QYF,4,12,20,18QYF_20-12-4
S2_4-12-20_18QYF_1,train,18QYF,4,12,20,18QYF_20-12-4
S2_4-12-20_18QYF_2,train,18QYF,4,12,20,18QYF_20-12-4
S2_4-12-20_18QYF_3,train,18QYF,4,12,20,18QYF_20-12-4
S2_4-12-20_18QYF_4,train,18QYF,4,12,20,18QYF_20-12-4
S2_4-12-20_18QYF_5,train,18QYF,4,12,20,18QYF_20-12-4
S2_4-12-20_18QYF_6,train,18QYF,4,12,20,18QYF_20-12-4
S2_4-12-20_18QYF_7,train,18QYF,4,12,20,18QYF_20-12-4
S2_4-12-20_18QYF_8,train,18QYF,4,12,20,18QYF_20-12-4
S2_4-9-16_16PCC_0,train,16PCC,4,9,16,16PCC_16-9-4
S2_4-9-16_16PCC_1,train,16PCC,4,9,16,16PCC_16-9-4
S2_4-9-16_16PCC_10,train,16PCC,4,9,16,16PCC_16-9-4
S2_4-9-16_16PCC_11,train,16PCC,4,9,16,16PCC_16-9-4
S2_4-9-16_16PCC_12,train,16PCC,4,9,16,16PCC_16-9-4
S2_4-9-16_16PCC_13,train,16PCC,4,9,16,16PCC_16-9-4
S2_4-9-16_16PCC_14,train,16PCC,4,9,16,16PCC_16-9-4
S2_4-9-16_16PCC_15,train,16PCC,4,9,16,16PCC_16-9-4
S2_4-9-16_16PCC_16,train,16PCC,4,9,16,16PCC_16-9-4
S2_4-9-16_16PCC_17,train,16PCC,4,9,16,16PCC_16-9-4
S2_4-9-16_16PCC_18,train,16PCC,4,9,16,16PCC_16-9-4
S2_4-9-16_16PCC_19,train,16PCC,4,9,16,16PCC_16-9-4
S2_4-9-16_16PCC_2,train,16PCC,4,9,16,16PCC_16-9-4
S2_4-9-16_16PCC_20,train,16PCC,4,9,16,16PCC_16-9-4
S2_4-9-16_16PCC_21,train,16PCC,4,9,16,16PCC_16-9-4
S2_4-9-16_16PCC_22,train,16PCC,4,9,16,16PCC_16-9-4
S2_4-9-16_16PCC_23,train,16PCC,4,9,16,16PCC_16-9-4
S2_4-9-16_16PCC_24,train,16PCC,4,9,16,16PCC_16-9-4
S2_4-9-16_16PCC_25,train,16PCC,4,9,16,16PCC_16-9-4
S2_4-9-16_16PCC_26,train,16PCC,4,9,16,16PCC_16-9-4
S2_4-9-16_16PCC_27,train,16PCC,4,9,16,16PCC_16-9-4
S2_4-9-16_16PCC_28,train,16PCC,4,9,16,16PCC_16-9-4
S2_4-9-16_16PCC_29,train,16PCC,4,9,16,16PCC_16-9-4
S2_4-9-16_16PCC_3,train,16PCC,4,9,16,16PCC_16-9-4
S2_4-9-16_16PCC_30,train,16PCC,4,9,16,16PCC_16-9-4
S2_4-9-16_16PCC_31,train,16PCC,4,9,16,16PCC_16-9-4
S2_4-9-16_16PCC_32,train,16PCC,4,9,16,16PCC_16-9-4
S2_4-9-16_16PCC_33,train,16PCC,4,9,16,16PCC_16-9-4
S2_4-9-16_16PCC_34,train,16PCC,4,9,16,16PCC_16-9-4
S2_4-9-16_16PCC_35,train,16PCC,4,9,16,16PCC_16-9-4
S2_4-9-16_16PCC_36,train,16PCC,4,9,16,16PCC_16-9-4
S2_4-9-16_16PCC_37,train,16PCC,4,9,16,16PCC_16-9-4
S2_4-9-16_16PCC_38,train,16PCC,4,9,16,16PCC_16-9-4
S2_4-9-16_16PCC_39,train,16PCC,4,9,16,16PCC_16-9-4
S2_4-9-16_16PCC_4,train,16PCC,4,9,16,16PCC_16-9-4
S2_4-9-16_16PCC_40,train,16PCC,4,9,16,16PCC_16-9-4
S2_4-9-16_16PCC_41,train,16PCC,4,9,16,16PCC_16-9-4
S2_4-9-16_16PCC_42,train,16PCC,4,9,16,16PCC_16-9-4
S2_4-9-16_16PCC_43,train,16PCC,4,9,16,16PCC_16-9-4
S2_4-9-16_16PCC_44,train,16PCC,4,9,16,16PCC_16-9-4
S2_4-9-16_16PCC_45,train,16PCC,4,9,16,16PCC_16-9-4
S2_4-9-16_16PCC_46,train,16PCC,4,9,16,16PCC_16-9-4
S2_4-9-16_16PCC_47,train,16PCC,4,9,16,16PCC_16-9-4
S2_4-9-16_16PCC_5,train,16PCC,4,9,16,16PCC_16-9-4
S2_4-9-16_16PCC_6,train,16PCC,4,9,16,16PCC_16-9-4
S2_4-9-16_16PCC_7,train,16PCC,4,9,16,16PCC_16-9-4
S2_4-9-16_16PCC_8,train,16PCC,4,9,16,16PCC_16-9-4
S2_4-9-16_16PCC_9,train,16PCC,4,9,16,16PCC_16-9-4
S2_4-9-19_16PCC_0,train,16PCC,4,9,19,16PCC_19-9-4
S2_4-9-19_16PCC_1,train,16PCC,4,9,19,16PCC_19-9-4
S2_4-9-19_16PCC_10,train,16PCC,4,9,19,16PCC_19-9-4
S2_4-9-19_16PCC_11,train,16PCC,4,9,19,16PCC_19-9-4
S2_4-9-19_16PCC_12,train,16PCC,4,9,19,16PCC_19-9-4
S2_4-9-19_16PCC_13,train,16PCC,4,9,19,16PCC_19-9-4
S2_4-9-19_16PCC_14,train,16PCC,4,9,19,16PCC_19-9-4
S2_4-9-19_16PCC_15,train,16PCC,4,9,19,16PCC_19-9-4
S2_4-9-19_16PCC_16,train,16PCC,4,9,19,16PCC_19-9-4
S2_4-9-19_16PCC_17,train,16PCC,4,9,19,16PCC_19-9-4
S2_4-9-19_16PCC_18,train,16PCC,4,9,19,16PCC_19-9-4
S2_4-9-19_16PCC_19,train,16PCC,4,9,19,16PCC_19-9-4
S2_4-9-19_16PCC_2,train,16PCC,4,9,19,16PCC_19-9-4
S2_4-9-19_16PCC_20,train,16PCC,4,9,19,16PCC_19-9-4
S2_4-9-19_16PCC_21,train,16PCC,4,9,19,16PCC_19-9-4
S2_4-9-19_16PCC_22,train,16PCC,4,9,19,16PCC_19-9-4
S2_4-9-19_16PCC_23,train,16PCC,4,9,19,16PCC_19-9-4
S2_4-9-19_16PCC_24,train,16PCC,4,9,19,16PCC_19-9-4
S2_4-9-19_16PCC_25,train,16PCC,4,9,19,16PCC_19-9-4
S2_4-9-19_16PCC_26,train,16PCC,4,9,19,16PCC_19-9-4
S2_4-9-19_16PCC_27,train,16PCC,4,9,19,16PCC_19-9-4
S2_4-9-19_16PCC_28,train,16PCC,4,9,19,16PCC_19-9-4
S2_4-9-19_16PCC_29,train,16PCC,4,9,19,16PCC_19-9-4
S2_4-9-19_16PCC_3,train,16PCC,4,9,19,16PCC_19-9-4
S2_4-9-19_16PCC_30,train,16PCC,4,9,19,16PCC_19-9-4
S2_4-9-19_16PCC_31,train,16PCC,4,9,19,16PCC_19-9-4
S2_4-9-19_16PCC_32,train,16PCC,4,9,19,16PCC_19-9-4
S2_4-9-19_16PCC_4,train,16PCC,4,9,19,16PCC_19-9-4
S2_4-9-19_16PCC_5,train,16PCC,4,9,19,16PCC_19-9-4
S2_4-9-19_16PCC_6,train,16PCC,4,9,19,16PCC_19-9-4
S2_4-9-19_16PCC_7,train,16PCC,4,9,19,16PCC_19-9-4
S2_4-9-19_16PCC_8,train,16PCC,4,9,19,16PCC_19-9-4
S2_4-9-19_16PCC_9,train,16PCC,4,9,19,16PCC_19-9-4
S2_6-12-17_48MYU_0,train,48MYU,6,12,17,48MYU_17-12-6
S2_6-12-17_48MYU_1,train,48MYU,6,12,17,48MYU_17-12-6
S2_6-12-18_48MXU_0,train,48MXU,6,12,18,48MXU_18-12-6
S2_6-12-18_48MXU_1,train,48MXU,6,12,18,48MXU_18-12-6
S2_6-12-18_48MXU_10,train,48MXU,6,12,18,48MXU_18-12-6
S2_6-12-18_48MXU_11,train,48MXU,6,12,18,48MXU_18-12-6
S2_6-12-18_48MXU_12,train,48MXU,6,12,18,48MXU_18-12-6
S2_6-12-18_48MXU_13,train,48MXU,6,12,18,48MXU_18-12-6
S2_6-12-18_48MXU_14,train,48MXU,6,12,18,48MXU_18-12-6
S2_6-12-18_48MXU_15,train,48MXU,6,12,18,48MXU_18-12-6
S2_6-12-18_48MXU_16,train,48MXU,6,12,18,48MXU_18-12-6
S2_6-12-18_48MXU_17,train,48MXU,6,12,18,48MXU_18-12-6
S2_6-12-18_48MXU_18,train,48MXU,6,12,18,48MXU_18-12-6
S2_6-12-18_48MXU_19,train,48MXU,6,12,18,48MXU_18-12-6
S2_6-12-18_48MXU_2,train,48MXU,6,12,18,48MXU_18-12-6
S2_6-12-18_48MXU_20,train,48MXU,6,12,18,48MXU_18-12-6
S2_6-12-18_48MXU_21,train,48MXU,6,12,18,48MXU_18-12-6
S2_6-12-18_48MXU_22,train,48MXU,6,12,18,48MXU_18-12-6
S2_6-12-18_48MXU_23,train,48MXU,6,12,18,48MXU_18-12-6
S2_6-12-18_48MXU_24,train,48MXU,6,12,18,48MXU_18-12-6
S2_6-12-18_48MXU_25,train,48MXU,6,12,18,48MXU_18-12-6
S2_6-12-18_48MXU_26,train,48MXU,6,12,18,48MXU_18-12-6
S2_6-12-18_48MXU_27,train,48MXU,6,12,18,48MXU_18-12-6
S2_6-12-18_48MXU_28,train,48MXU,6,12,18,48MXU_18-12-6
S2_6-12-18_48MXU_29,train,48MXU,6,12,18,48MXU_18-12-6
S2_6-12-18_48MXU_3,train,48MXU,6,12,18,48MXU_18-12-6
S2_6-12-18_48MXU_30,train,48MXU,6,12,18,48MXU_18-12-6
S2_6-12-18_48MXU_31,train,48MXU,6,12,18,48MXU_18-12-6
S2_6-12-18_48MXU_32,train,48MXU,6,12,18,48MXU_18-12-6
S2_6-12-18_48MXU_33,train,48MXU,6,12,18,48MXU_18-12-6
S2_6-12-18_48MXU_4,train,48MXU,6,12,18,48MXU_18-12-6
S2_6-12-18_48MXU_5,train,48MXU,6,12,18,48MXU_18-12-6
S2_6-12-18_48MXU_6,train,48MXU,6,12,18,48MXU_18-12-6
S2_6-12-18_48MXU_7,train,48MXU,6,12,18,48MXU_18-12-6
S2_6-12-18_48MXU_8,train,48MXU,6,12,18,48MXU_18-12-6
S2_6-12-18_48MXU_9,train,48MXU,6,12,18,48MXU_18-12-6
S2_7-10-18_52SDD_0,train,52SDD,7,10,18,52SDD_18-10-7
S2_7-10-18_52SDD_1,train,52SDD,7,10,18,52SDD_18-10-7
S2_7-10-18_52SDD_10,train,52SDD,7,10,18,52SDD_18-10-7
S2_7-10-18_52SDD_11,train,52SDD,7,10,18,52SDD_18-10-7
S2_7-10-18_52SDD_12,train,52SDD,7,10,18,52SDD_18-10-7
S2_7-10-18_52SDD_13,train,52SDD,7,10,18,52SDD_18-10-7
S2_7-10-18_52SDD_14,train,52SDD,7,10,18,52SDD_18-10-7
S2_7-10-18_52SDD_15,train,52SDD,7,10,18,52SDD_18-10-7
S2_7-10-18_52SDD_2,train,52SDD,7,10,18,52SDD_18-10-7
S2_7-10-18_52SDD_3,train,52SDD,7,10,18,52SDD_18-10-7
S2_7-10-18_52SDD_4,train,52SDD,7,10,18,52SDD_18-10-7
S2_7-10-18_52SDD_5,train,52SDD,7,10,18,52SDD_18-10-7
S2_7-10-18_52SDD_6,train,52SDD,7,10,18,52SDD_18-10-7
S2_7-10-18_52SDD_7,train,52SDD,7,10,18,52SDD_18-10-7
S2_7-10-18_52SDD_8,train,52SDD,7,10,18,52SDD_18-10-7
S2_7-10-18_52SDD_9,train,52SDD,7,10,18,52SDD_18-10-7
S2_8-3-18_16PEC_0,train,16PEC,8,3,18,16PEC_18-3-8
S2_8-3-18_16PEC_1,train,16PEC,8,3,18,16PEC_18-3-8
S2_8-3-18_16PEC_2,train,16PEC,8,3,18,16PEC_18-3-8
S2_8-3-18_16PEC_3,train,16PEC,8,3,18,16PEC_18-3-8
S2_8-3-18_16PEC_4,train,16PEC,8,3,18,16PEC_18-3-8
S2_8-3-18_16PEC_5,train,16PEC,8,3,18,16PEC_18-3-8
S2_8-3-18_16PEC_6,train,16PEC,8,3,18,16PEC_18-3-8
S2_8-3-18_16PEC_7,train,16PEC,8,3,18,16PEC_18-3-8
S2_8-3-18_16PEC_8,train,16PEC,8,3,18,16PEC_18-3-8
S2_8-3-18_16QED_0,train,16QED,8,3,18,16QED_18-3-8
S2_8-3-18_16QED_1,train,16QED,8,3,18,16QED_18-3-8
S2_8-3-18_16QED_10,train,16QED,8,3,18,16QED_18-3-8
S2_8-3-18_16QED_11,train,16QED,8,3,18,16QED_18-3-8
S2_8-3-18_16QED_12,train,16QED,8,3,18,16QED_18-3-8
S2_8-3-18_16QED_13,train,16QED,8,3,18,16QED_18-3-8
S2_8-3-18_16QED_14,train,16QED,8,3,18,16QED_18-3-8
S2_8-3-18_16QED_15,train,16QED,8,3,18,16QED_18-3-8
S2_8-3-18_16QED_16,train,16QED,8,3,18,16QED_18-3-8
S2_8-3-18_16QED_17,train,16QED,8,3,18,16QED_18-3-8
S2_8-3-18_16QED_18,train,16QED,8,3,18,16QED_18-3-8
S2_8-3-18_16QED_2,train,16QED,8,3,18,16QED_18-3-8
S2_8-3-18_16QED_3,train,16QED,8,3,18,16QED_18-3-8
S2_8-3-18_16QED_4,train,16QED,8,3,18,16QED_18-3-8
S2_8-3-18_16QED_5,train,16QED,8,3,18,16QED_18-3-8
S2_8-3-18_16QED_6,train,16QED,8,3,18,16QED_18-3-8
S2_8-3-18_16QED_7,train,16QED,8,3,18,16QED_18-3-8
S2_8-3-18_16QED_8,train,16QED,8,3,18,16QED_18-3-8
S2_8-3-18_16QED_9,train,16QED,8,3,18,16QED_18-3-8
S2_9-10-17_16PEC_0,train,16PEC,9,10,17,16PEC_17-10-9
S2_9-10-17_16PEC_1,train,16PEC,9,10,17,16PEC_17-10-9
S2_9-10-17_16PEC_10,train,16PEC,9,10,17,16PEC_17-10-9
S2_9-10-17_16PEC_11,train,16PEC,9,10,17,16PEC_17-10-9
S2_9-10-17_16PEC_12,train,16PEC,9,10,17,16PEC_17-10-9
S2_9-10-17_16PEC_13,train,16PEC,9,10,17,16PEC_17-10-9
S2_9-10-17_16PEC_14,train,16PEC,9,10,17,16PEC_17-10-9
S2_9-10-17_16PEC_15,train,16PEC,9,10,17,16PEC_17-10-9
S2_9-10-17_16PEC_16,train,16PEC,9,10,17,16PEC_17-10-9
S2_9-10-17_16PEC_17,train,16PEC,9,10,17,16PEC_17-10-9
S2_9-10-17_16PEC_18,train,16PEC,9,10,17,16PEC_17-10-9
S2_9-10-17_16PEC_19,train,16PEC,9,10,17,16PEC_17-10-9
S2_9-10-17_16PEC_2,train,16PEC,9,10,17,16PEC_17-10-9
S2_9-10-17_16PEC_20,train,16PEC,9,10,17,16PEC_17-10-9
S2_9-10-17_16PEC_21,train,16PEC,9,10,17,16PEC_17-10-9
S2_9-10-17_16PEC_22,train,16PEC,9,10,17,16PEC_17-10-9
S2_9-10-17_16PEC_23,train,16PEC,9,10,17,16PEC_17-10-9
S2_9-10-17_16PEC_24,train,16PEC,9,10,17,16PEC_17-10-9
S2_9-10-17_16PEC_25,train,16PEC,9,10,17,16PEC_17-10-9
S2_9-10-17_16PEC_26,train,16PEC,9,10,17,16PEC_17-10-9
S2_9-10-17_16PEC_27,train,16PEC,9,10,17,16PEC_17-10-9
S2_9-10-17_16PEC_28,train,16PEC,9,10,17,16PEC_17-10-9
S2_9-10-17_16PEC_29,train,16PEC,9,10,17,16PEC_17-10-9
S2_9-10-17_16PEC_3,train,16PEC,9,10,17,16PEC_17-10-9
S2_9-10-17_16PEC_30,train,16PEC,9,10,17,16PEC_17-10-9
S2_9-10-17_16PEC_31,train,16PEC,9,10,17,16PEC_17-10-9
S2_9-10-17_16PEC_32,train,16PEC,9,10,17,16PEC_17-10-9
S2_9-10-17_16PEC_33,train,16PEC,9,10,17,16PEC_17-10-9
S2_9-10-17_16PEC_34,train,16PEC,9,10,17,16PEC_17-10-9
S2_9-10-17_16PEC_35,train,16PEC,9,10,17,16PEC_17-10-9
S2_9-10-17_16PEC_36,train,16PEC,9,10,17,16PEC_17-10-9
S2_9-10-17_16PEC_37,train,16PEC,9,10,17,16PEC_17-10-9
S2_9-10-17_16PEC_38,train,16PEC,9,10,17,16PEC_17-10-9
S2_9-10-17_16PEC_39,train,16PEC,9,10,17,16PEC_17-10-9
S2_9-10-17_16PEC_4,train,16PEC,9,10,17,16PEC_17-10-9
S2_9-10-17_16PEC_40,train,16PEC,9,10,17,16PEC_17-10-9
S2_9-10-17_16PEC_41,train,16PEC,9,10,17,16PEC_17-10-9
S2_9-10-17_16PEC_42,train,16PEC,9,10,17,16PEC_17-10-9
S2_9-10-17_16PEC_43,train,16PEC,9,10,17,16PEC_17-10-9
S2_9-10-17_16PEC_44,train,16PEC,9,10,17,16PEC_17-10-9
S2_9-10-17_16PEC_45,train,16PEC,9,10,17,16PEC_17-10-9
S2_9-10-17_16PEC_5,train,16PEC,9,10,17,16PEC_17-10-9
S2_9-10-17_16PEC_6,train,16PEC,9,10,17,16PEC_17-10-9
S2_9-10-17_16PEC_7,train,16PEC,9,10,17,16PEC_17-10-9
S2_9-10-17_16PEC_8,train,16PEC,9,10,17,16PEC_17-10-9
S2_9-10-17_16PEC_9,train,16PEC,9,10,17,16PEC_17-10-9
S2_11-6-18_16PCC_0,val,16PCC,11,6,18,16PCC_18-6-11
S2_11-6-18_16PCC_1,val,16PCC,11,6,18,16PCC_18-6-11
S2_11-6-18_16PCC_10,val,16PCC,11,6,18,16PCC_18-6-11
S2_11-6-18_16PCC_11,val,16PCC,11,6,18,16PCC_18-6-11
S2_11-6-18_16PCC_12,val,16PCC,11,6,18,16PCC_18-6-11
S2_11-6-18_16PCC_13,val,16PCC,11,6,18,16PCC_18-6-11
S2_11-6-18_16PCC_14,val,16PCC,11,6,18,16PCC_18-6-11
S2_11-6-18_16PCC_15,val,16PCC,11,6,18,16PCC_18-6-11
S2_11-6-18_16PCC_16,val,16PCC,11,6,18,16PCC_18-6-11
S2_11-6-18_16PCC_17,val,16PCC,11,6,18,16PCC_18-6-11
S2_11-6-18_16PCC_18,val,16PCC,11,6,18,16PCC_18-6-11
S2_11-6-18_16PCC_19,val,16PCC,11,6,18,16PCC_18-6-11
S2_11-6-18_16PCC_2,val,16PCC,11,6,18,16PCC_18-6-11
S2_11-6-18_16PCC_20,val,16PCC,11,6,18,16PCC_18-6-11
S2_11-6-18_16PCC_21,val,16PCC,11,6,18,16PCC_18-6-11
S2_11-6-18_16PCC_22,val,16PCC,11,6,18,16PCC_18-6-11
S2_11-6-18_16PCC_23,val,16PCC,11,6,18,16PCC_18-6-11
S2_11-6-18_16PCC_24,val,16PCC,11,6,18,16PCC_18-6-11
S2_11-6-18_16PCC_25,val,16PCC,11,6,18,16PCC_18-6-11
S2_11-6-18_16PCC_26,val,16PCC,11,6,18,16PCC_18-6-11
S2_11-6-18_16PCC_27,val,16PCC,11,6,18,16PCC_18-6-11
S2_11-6-18_16PCC_28,val,16PCC,11,6,18,16PCC_18-6-11
S2_11-6-18_16PCC_29,val,16PCC,11,6,18,16PCC_18-6-11
S2_11-6-18_16PCC_3,val,16PCC,11,6,18,16PCC_18-6-11
S2_11-6-18_16PCC_30,val,16PCC,11,6,18,16PCC_18-6-11
S2_11-6-18_16PCC_31,val,16PCC,11,6,18,16PCC_18-6-11
S2_11-6-18_16PCC_32,val,16PCC,11,6,18,16PCC_18-6-11
S2_11-6-18_16PCC_33,val,16PCC,11,6,18,16PCC_18-6-11
S2_11-6-18_16PCC_34,val,16PCC,11,6,18,16PCC_18-6-11
S2_11-6-18_16PCC_35,val,16PCC,11,6,18,16PCC_18-6-11
S2_11-6-18_16PCC_36,val,16PCC,11,6,18,16PCC_18-6-11
S2_11-6-18_16PCC_37,val,16PCC,11,6,18,16PCC_18-6-11
S2_11-6-18_16PCC_38,val,16PCC,11,6,18,16PCC_18-6-11
S2_11-6-18_16PCC_39,val,16PCC,11,6,18,16PCC_18-6-11
S2_11-6-18_16PCC_4,val,16PCC,11,6,18,16PCC_18-6-11
S2_11-6-18_16PCC_40,val,16PCC,11,6,18,16PCC_18-6-11
S2_11-6-18_16PCC_41,val,16PCC,11,6,18,16PCC_18-6-11
S2_11-6-18_16PCC_42,val,16PCC,11,6,18,16PCC_18-6-11
S2_11-6-18_16PCC_43,val,16PCC,11,6,18,16PCC_18-6-11
S2_11-6-18_16PCC_44,val,16PCC,11,6,18,16PCC_18-6-11
S2_11-6-18_16PCC_45,val,16PCC,11,6,18,16PCC_18-6-11
S2_11-6-18_16PCC_46,val,16PCC,11,6,18,16PCC_18-6-11
S2_11-6-18_16PCC_47,val,16PCC,11,6,18,16PCC_18-6-11
S2_11-6-18_16PCC_48,val,16PCC,11,6,18,16PCC_18-6-11
S2_11-6-18_16PCC_49,val,16PCC,11,6,18,16PCC_18-6-11
S2_11-6-18_16PCC_5,val,16PCC,11,6,18,16PCC_18-6-11
S2_11-6-18_16PCC_50,val,16PCC,11,6,18,16PCC_18-6-11
S2_11-6-18_16PCC_51,val,16PCC,11,6,18,16PCC_18-6-11
S2_11-6-18_16PCC_52,val,16PCC,11,6,18,16PCC_18-6-11
S2_11-6-18_16PCC_6,val,16PCC,11,6,18,16PCC_18-6-11
S2_11-6-18_16PCC_7,val,16PCC,11,6,18,16PCC_18-6-11
S2_11-6-18_16PCC_8,val,16PCC,11,6,18,16PCC_18-6-11
S2_11-6-18_16PCC_9,val,16PCC,11,6,18,16PCC_18-6-11
S2_12-1-17_16PEC_0,val,16PEC,12,1,17,16PEC_17-1-12
S2_12-1-17_16PEC_1,val,16PEC,12,1,17,16PEC_17-1-12
S2_12-1-17_16PEC_10,val,16PEC,12,1,17,16PEC_17-1-12
S2_12-1-17_16PEC_11,val,16PEC,12,1,17,16PEC_17-1-12
S2_12-1-17_16PEC_12,val,16PEC,12,1,17,16PEC_17-1-12
S2_12-1-17_16PEC_13,val,16PEC,12,1,17,16PEC_17-1-12
S2_12-1-17_16PEC_14,val,16PEC,12,1,17,16PEC_17-1-12
S2_12-1-17_16PEC_15,val,16PEC,12,1,17,16PEC_17-1-12
S2_12-1-17_16PEC_16,val,16PEC,12,1,17,16PEC_17-1-12
S2_12-1-17_16PEC_17,val,16PEC,12,1,17,16PEC_17-1-12
S2_12-1-17_16PEC_18,val,16PEC,12,1,17,16PEC_17-1-12
S2_12-1-17_16PEC_19,val,16PEC,12,1,17,16PEC_17-1-12
S2_12-1-17_16PEC_2,val,16PEC,12,1,17,16PEC_17-1-12
S2_12-1-17_16PEC_20,val,16PEC,12,1,17,16PEC_17-1-12
S2_12-1-17_16PEC_21,val,16PEC,12,1,17,16PEC_17-1-12
S2_12-1-17_16PEC_22,val,16PEC,12,1,17,16PEC_17-1-12
S2_12-1-17_16PEC_23,val,16PEC,12,1,17,16PEC_17-1-12
S2_12-1-17_16PEC_24,val,16PEC,12,1,17,16PEC_17-1-12
S2_12-1-17_16PEC_25,val,16PEC,12,1,17,16PEC_17-1-12
S2_12-1-17_16PEC_26,val,16PEC,12,1,17,16PEC_17-1-12
S2_12-1-17_16PEC_27,val,16PEC,12,1,17,16PEC_17-1-12
S2_12-1-17_16PEC_28,val,16PEC,12,1,17,16PEC_17-1-12
S2_12-1-17_16PEC_29,val,16PEC,12,1,17,16PEC_17-1-12
S2_12-1-17_16PEC_3,val,16PEC,12,1,17,16PEC_17-1-12
S2_12-1-17_16PEC_30,val,16PEC,12,1,17,16PEC_17-1-12
S2_12-1-17_16PEC_31,val,16PEC,12,1,17,16PEC_17-1-12
S2_12-1-17_16PEC_32,val,16PEC,12,1,17,16PEC_17-1-12
S2_12-1-17_16PEC_33,val,16PEC,12,1,17,16PEC_17-1-12
S2_12-1-17_16PEC_34,val,16PEC,12,1,17,16PEC_17-1-12
S2_12-1-17_16PEC_35,val,16PEC,12,1,17,16PEC_17-1-12
S2_12-1-17_16PEC_36,val,16PEC,12,1,17,16PEC_17-1-12
S2_12-1-17_16PEC_37,val,16PEC,12,1,17,16PEC_17-1-12
S2_12-1-17_16PEC_38,val,16PEC,12,1,17,16PEC_17-1-12
S2_12-1-17_16PEC_39,val,16PEC,12,1,17,16PEC_17-1-12
S2_12-1-17_16PEC_4,val,16PEC,12,1,17,16PEC_17-1-12
S2_12-1-17_16PEC_5,val,16PEC,12,1,17,16PEC_17-1-12
S2_12-1-17_16PEC_6,val,16PEC,12,1,17,16PEC_17-1-12
S2_12-1-17_16PEC_7,val,16PEC,12,1,17,16PEC_17-1-12
S2_12-1-17_16PEC_8,val,16PEC,12,1,17,16PEC_17-1-12
S2_12-1-17_16PEC_9,val,16PEC,12,1,17,16PEC_17-1-12
S2_14-3-20_18QYF_0,val,18QYF,14,3,20,18QYF_20-3-14
S2_14-3-20_18QYF_1,val,18QYF,14,3,20,18QYF_20-3-14
S2_14-3-20_18QYF_2,val,18QYF,14,3,20,18QYF_20-3-14
S2_14-3-20_18QYF_3,val,18QYF,14,3,20,18QYF_20-3-14
S2_14-3-20_18QYF_4,val,18QYF,14,3,20,18QYF_20-3-14
S2_14-3-20_18QYF_5,val,18QYF,14,3,20,18QYF_20-3-14
S2_14-3-20_18QYF_6,val,18QYF,14,3,20,18QYF_20-3-14
S2_14-3-20_18QYF_7,val,18QYF,14,3,20,18QYF_20-3-14
S2_18-1-18_48PZC_0,val,48PZC,18,1,18,48PZC_18-1-18
S2_18-1-18_48PZC_1,val,48PZC,18,1,18,48PZC_18-1-18
S2_18-1-18_48PZC_10,val,48PZC,18,1,18,48PZC_18-1-18
S2_18-1-18_48PZC_11,val,48PZC,18,1,18,48PZC_18-1-18
S2_18-1-18_48PZC_12,val,48PZC,18,1,18,48PZC_18-1-18
S2_18-1-18_48PZC_13,val,48PZC,18,1,18,48PZC_18-1-18
S2_18-1-18_48PZC_14,val,48PZC,18,1,18,48PZC_18-1-18
S2_18-1-18_48PZC_15,val,48PZC,18,1,18,48PZC_18-1-18
S2_18-1-18_48PZC_16,val,48PZC,18,1,18,48PZC_18-1-18
S2_18-1-18_48PZC_17,val,48PZC,18,1,18,48PZC_18-1-18
S2_18-1-18_48PZC_18,val,48PZC,18,1,18,48PZC_18-1-18
S2_18-1-18_48PZC_19,val,48PZC,18,1,18,48PZC_18-1-18
S2_18-1-18_48PZC_2,val,48PZC,18,1,18,48PZC_18-1-18
S2_18-1-18_48PZC_20,val,48PZC,18,1,18,48PZC_18-1-18
S2_18-1-18_48PZC_21,val,48PZC,18,1,18,48PZC_18-1-18
S2_18-1-18_48PZC_22,val,48PZC,18,1,18,48PZC_18-1-18
S2_18-1-18_48PZC_23,val,48PZC,18,1,18,48PZC_18-1-18
S2_18-1-18_48PZC_24,val,48PZC,18,1,18,48PZC_18-1-18
S2_18-1-18_48PZC_25,val,48PZC,18,1,18,48PZC_18-1-18
S2_18-1-18_48PZC_26,val,48PZC,18,1,18,48PZC_18-1-18
S2_18-1-18_48PZC_3,val,48PZC,18,1,18,48PZC_18-1-18
S2_18-1-18_48PZC_4,val,48PZC,18,1,18,48PZC_18-1-18
S2_18-1-18_48PZC_5,val,48PZC,18,1,18,48PZC_18-1-18
S2_18-1-18_48PZC_6,val,48PZC,18,1,18,48PZC_18-1-18
S2_18-1-18_48PZC_7,val,48PZC,18,1,18,48PZC_18-1-18
S2_18-1-18_48PZC_8,val,48PZC,18,1,18,48PZC_18-1-18
S2_18-1-18_48PZC_9,val,48PZC,18,1,18,48PZC_18-1-18
S2_18-9-20_16PCC_0,val,16PCC,18,9,20,16PCC_20-9-18
S2_18-9-20_16PCC_1,val,16PCC,18,9,20,16PCC_20-9-18
S2_18-9-20_16PCC_10,val,16PCC,18,9,20,16PCC_20-9-18
S2_18-9-20_16PCC_11,val,16PCC,18,9,20,16PCC_20-9-18
S2_18-9-20_16PCC_12,val,16PCC,18,9,20,16PCC_20-9-18
S2_18-9-20_16PCC_13,val,16PCC,18,9,20,16PCC_20-9-18
S2_18-9-20_16PCC_14,val,16PCC,18,9,20,16PCC_20-9-18
S2_18-9-20_16PCC_15,val,16PCC,18,9,20,16PCC_20-9-18
S2_18-9-20_16PCC_16,val,16PCC,18,9,20,16PCC_20-9-18
S2_18-9-20_16PCC_17,val,16PCC,18,9,20,16PCC_20-9-18
S2_18-9-20_16PCC_18,val,16PCC,18,9,20,16PCC_20-9-18
S2_18-9-20_16PCC_19,val,16PCC,18,9,20,16PCC_20-9-18
S2_18-9-20_16PCC_2,val,16PCC,18,9,20,16PCC_20-9-18
S2_18-9-20_16PCC_20,val,16PCC,18,9,20,16PCC_20-9-18
S2_18-9-20_16PCC_21,val,16PCC,18,9,20,16PCC_20-9-18
S2_18-9-20_16PCC_22,val,16PCC,18,9,20,16PCC_20-9-18
S2_18-9-20_16PCC_23,val,16PCC,18,9,20,16PCC_20-9-18
S2_18-9-20_16PCC_24,val,16PCC,18,9,20,16PCC_20-9-18
S2_18-9-20_16PCC_25,val,16PCC,18,9,20,16PCC_20-9-18
S2_18-9-20_16PCC_26,val,16PCC,18,9,20,16PCC_20-9-18
S2_18-9-20_16PCC_27,val,16PCC,18,9,20,16PCC_20-9-18
S2_18-9-20_16PCC_28,val,16PCC,18,9,20,16PCC_20-9-18
S2_18-9-20_16PCC_29,val,16PCC,18,9,20,16PCC_20-9-18
S2_18-9-20_16PCC_3,val,16PCC,18,9,20,16PCC_20-9-18
S2_18-9-20_16PCC_30,val,16PCC,18,9,20,16PCC_20-9-18
S2_18-9-20_16PCC_31,val,16PCC,18,9,20,16PCC_20-9-18
S2_18-9-20_16PCC_32,val,16PCC,18,9,20,16PCC_20-9-18
S2_18-9-20_16PCC_33,val,16PCC,18,9,20,16PCC_20-9-18
S2_18-9-20_16PCC_34,val,16PCC,18,9,20,16PCC_20-9-18
S2_18-9-20_16PCC_35,val,16PCC,18,9,20,16PCC_20-9-18
S2_18-9-20_16PCC_36,val,16PCC,18,9,20,16PCC_20-9-18
S2_18-9-20_16PCC_37,val,16PCC,18,9,20,16PCC_20-9-18
S2_18-9-20_16PCC_38,val,16PCC,18,9,20,16PCC_20-9-18
S2_18-9-20_16PCC_39,val,16PCC,18,9,20,16PCC_20-9-18
S2_18-9-20_16PCC_4,val,16PCC,18,9,20,16PCC_20-9-18
S2_18-9-20_16PCC_40,val,16PCC,18,9,20,16PCC_20-9-18
S2_18-9-20_16PCC_41,val,16PCC,18,9,20,16PCC_20-9-18
S2_18-9-20_16PCC_42,val,16PCC,18,9,20,16PCC_20-9-18
S2_18-9-20_16PCC_43,val,16PCC,18,9,20,16PCC_20-9-18
S2_18-9-20_16PCC_44,val,16PCC,18,9,20,16PCC_20-9-18
S2_18-9-20_16PCC_45,val,16PCC,18,9,20,16PCC_20-9-18
S2_18-9-20_16PCC_46,val,16PCC,18,9,20,16PCC_20-9-18
S2_18-9-20_16PCC_47,val,16PCC,18,9,20,16PCC_20-9-18
S2_18-9-20_16PCC_48,val,16PCC,18,9,20,16PCC_20-9-18
S2_18-9-20_16PCC_49,val,16PCC,18,9,20,16PCC_20-9-18
S2_18-9-20_16PCC_5,val,16PCC,18,9,20,16PCC_20-9-18
S2_18-9-20_16PCC_50,val,16PCC,18,9,20,16PCC_20-9-18
S2_18-9-20_16PCC_51,val,16PCC,18,9,20,16PCC_20-9-18
S2_18-9-20_16PCC_52,val,16PCC,18,9,20,16PCC_20-9-18
S2_18-9-20_16PCC_53,val,16PCC,18,9,20,16PCC_20-9-18
S2_18-9-20_16PCC_54,val,16PCC,18,9,20,16PCC_20-9-18
S2_18-9-20_16PCC_55,val,16PCC,18,9,20,16PCC_20-9-18
S2_18-9-20_16PCC_56,val,16PCC,18,9,20,16PCC_20-9-18
S2_18-9-20_16PCC_57,val,16PCC,18,9,20,16PCC_20-9-18
S2_18-9-20_16PCC_58,val,16PCC,18,9,20,16PCC_20-9-18
S2_18-9-20_16PCC_59,val,16PCC,18,9,20,16PCC_20-9-18
S2_18-9-20_16PCC_6,val,16PCC,18,9,20,16PCC_20-9-18
S2_18-9-20_16PCC_60,val,16PCC,18,9,20,16PCC_20-9-18
S2_18-9-20_16PCC_61,val,16PCC,18,9,20,16PCC_20-9-18
S2_18-9-20_16PCC_62,val,16PCC,18,9,20,16PCC_20-9-18
S2_18-9-20_16PCC_63,val,16PCC,18,9,20,16PCC_20-9-18
S2_18-9-20_16PCC_64,val,16PCC,18,9,20,16PCC_20-9-18
S2_18-9-20_16PCC_65,val,16PCC,18,9,20,16PCC_20-9-18
S2_18-9-20_16PCC_66,val,16PCC,18,9,20,16PCC_20-9-18
S2_18-9-20_16PCC_67,val,16PCC,18,9,20,16PCC_20-9-18
S2_18-9-20_16PCC_68,val,16PCC,18,9,20,16PCC_20-9-18
S2_18-9-20_16PCC_69,val,16PCC,18,9,20,16PCC_20-9-18
S2_18-9-20_16PCC_7,val,16PCC,18,9,20,16PCC_20-9-18
S2_18-9-20_16PCC_70,val,16PCC,18,9,20,16PCC_20-9-18
S2_18-9-20_16PCC_71,val,16PCC,18,9,20,16PCC_20-9-18
S2_18-9-20_16PCC_72,val,16PCC,18,9,20,16PCC_20-9-18
S2_18-9-20_16PCC_73,val,16PCC,18,9,20,16PCC_20-9-18
S2_18-9-20_16PCC_74,val,16PCC,18,9,20,16PCC_20-9-18
S2_18-9-20_16PCC_75,val,16PCC,18,9,20,16PCC_20-9-18
S2_18-9-20_16PCC_76,val,16PCC,18,9,20,16PCC_20-9-18
S2_18-9-20_16PCC_77,val,16PCC,18,9,20,16PCC_20-9-18
S2_18-9-20_16PCC_78,val,16PCC,18,9,20,16PCC_20-9-18
S2_18-9-20_16PCC_8,val,16PCC,18,9,20,16PCC_20-9-18
S2_18-9-20_16PCC_9,val,16PCC,18,9,20,16PCC_20-9-18
S2_19-9-18_16PCC_0,val,16PCC,19,9,18,16PCC_18-9-19
S2_19-9-18_16PCC_1,val,16PCC,19,9,18,16PCC_18-9-19
S2_19-9-18_16PCC_10,val,16PCC,19,9,18,16PCC_18-9-19
S2_19-9-18_16PCC_11,val,16PCC,19,9,18,16PCC_18-9-19
S2_19-9-18_16PCC_12,val,16PCC,19,9,18,16PCC_18-9-19
S2_19-9-18_16PCC_13,val,16PCC,19,9,18,16PCC_18-9-19
S2_19-9-18_16PCC_14,val,16PCC,19,9,18,16PCC_18-9-19
S2_19-9-18_16PCC_15,val,16PCC,19,9,18,16PCC_18-9-19
S2_19-9-18_16PCC_16,val,16PCC,19,9,18,16PCC_18-9-19
S2_19-9-18_16PCC_17,val,16PCC,19,9,18,16PCC_18-9-19
S2_19-9-18_16PCC_18,val,16PCC,19,9,18,16PCC_18-9-19
S2_19-9-18_16PCC_19,val,16PCC,19,9,18,16PCC_18-9-19
S2_19-9-18_16PCC_2,val,16PCC,19,9,18,16PCC_18-9-19
S2_19-9-18_16PCC_20,val,16PCC,19,9,18,16PCC_18-9-19
S2_19-9-18_16PCC_21,val,16PCC,19,9,18,16PCC_18-9-19
S2_19-9-18_16PCC_22,val,16PCC,19,9,18,16PCC_18-9-19
S2_19-9-18_16PCC_23,val,16PCC,19,9,18,16PCC_18-9-19
S2_19-9-18_16PCC_24,val,16PCC,19,9,18,16PCC_18-9-19
S2_19-9-18_16PCC_25,val,16PCC,19,9,18,16PCC_18-9-19
S2_19-9-18_16PCC_26,val,16PCC,19,9,18,16PCC_18-9-19
S2_19-9-18_16PCC_27,val,16PCC,19,9,18,16PCC_18-9-19
S2_19-9-18_16PCC_28,val,16PCC,19,9,18,16PCC_18-9-19
S2_19-9-18_16PCC_29,val,16PCC,19,9,18,16PCC_18-9-19
S2_19-9-18_16PCC_3,val,16PCC,19,9,18,16PCC_18-9-19
S2_19-9-18_16PCC_30,val,16PCC,19,9,18,16PCC_18-9-19
S2_19-9-18_16PCC_31,val,16PCC,19,9,18,16PCC_18-9-19
S2_19-9-18_16PCC_32,val,16PCC,19,9,18,16PCC_18-9-19
S2_19-9-18_16PCC_33,val,16PCC,19,9,18,16PCC_18-9-19
S2_19-9-18_16PCC_34,val,16PCC,19,9,18,16PCC_18-9-19
S2_19-9-18_16PCC_35,val,16PCC,19,9,18,16PCC_18-9-19
S2_19-9-18_16PCC_36,val,16PCC,19,9,18,16PCC_18-9-19
S2_19-9-18_16PCC_37,val,16PCC,19,9,18,16PCC_18-9-19
S2_19-9-18_16PCC_4,val,16PCC,19,9,18,16PCC_18-9-19
S2_19-9-18_16PCC_5,val,16PCC,19,9,18,16PCC_18-9-19
S2_19-9-18_16PCC_6,val,16PCC,19,9,18,16PCC_18-9-19
S2_19-9-18_16PCC_7,val,16PCC,19,9,18,16PCC_18-9-19
S2_19-9-18_16PCC_8,val,16PCC,19,9,18,16PCC_18-9-19
S2_19-9-18_16PCC_9,val,16PCC,19,9,18,16PCC_18-9-19
S2_21-2-18_16PCC_0,val,16PCC,21,2,18,16PCC_18-2-21
S2_21-2-18_16PCC_1,val,16PCC,21,2,18,16PCC_18-2-21
S2_21-2-18_16PCC_10,val,16PCC,21,2,18,16PCC_18-2-21
S2_21-2-18_16PCC_11,val,16PCC,21,2,18,16PCC_18-2-21
S2_21-2-18_16PCC_12,val,16PCC,21,2,18,16PCC_18-2-21
S2_21-2-18_16PCC_2,val,16PCC,21,2,18,16PCC_18-2-21
S2_21-2-18_16PCC_3,val,16PCC,21,2,18,16PCC_18-2-21
S2_21-2-18_16PCC_4,val,16PCC,21,2,18,16PCC_18-2-21
S2_21-2-18_16PCC_5,val,16PCC,21,2,18,16PCC_18-2-21
S2_21-2-18_16PCC_6,val,16PCC,21,2,18,16PCC_18-2-21
S2_21-2-18_16PCC_7,val,16PCC,21,2,18,16PCC_18-2-21
S2_21-2-18_16PCC_8,val,16PCC,21,2,18,16PCC_18-2-21
S2_21-2-18_16PCC_9,val,16PCC,21,2,18,16PCC_18-2-21
S2_24-3-20_18QYF_0,val,18QYF,24,3,20,18QYF_20-3-24
S2_24-3-20_18QYF_1,val,18QYF,24,3,20,18QYF_20-3-24
S2_28-9-20_16PDC_0,val,16PDC,28,9,20,16PDC_20-9-28
S2_28-9-20_16PDC_1,val,16PDC,28,9,20,16PDC_20-9-28
S2_28-9-20_16PDC_10,val,16PDC,28,9,20,16PDC_20-9-28
S2_28-9-20_16PDC_11,val,16PDC,28,9,20,16PDC_20-9-28
S2_28-9-20_16PDC_12,val,16PDC,28,9,20,16PDC_20-9-28
S2_28-9-20_16PDC_13,val,16PDC,28,9,20,16PDC_20-9-28
S2_28-9-20_16PDC_14,val,16PDC,28,9,20,16PDC_20-9-28
S2_28-9-20_16PDC_15,val,16PDC,28,9,20,16PDC_20-9-28
S2_28-9-20_16PDC_16,val,16PDC,28,9,20,16PDC_20-9-28
S2_28-9-20_16PDC_17,val,16PDC,28,9,20,16PDC_20-9-28
S2_28-9-20_16PDC_18,val,16PDC,28,9,20,16PDC_20-9-28
S2_28-9-20_16PDC_19,val,16PDC,28,9,20,16PDC_20-9-28
S2_28-9-20_16PDC_2,val,16PDC,28,9,20,16PDC_20-9-28
S2_28-9-20_16PDC_20,val,16PDC,28,9,20,16PDC_20-9-28
S2_28-9-20_16PDC_21,val,16PDC,28,9,20,16PDC_20-9-28
S2_28-9-20_16PDC_22,val,16PDC,28,9,20,16PDC_20-9-28
S2_28-9-20_16PDC_23,val,16PDC,28,9,20,16PDC_20-9-28
S2_28-9-20_16PDC_24,val,16PDC,28,9,20,16PDC_20-9-28
S2_28-9-20_16PDC_25,val,16PDC,28,9,20,16PDC_20-9-28
S2_28-9-20_16PDC_26,val,16PDC,28,9,20,16PDC_20-9-28
S2_28-9-20_16PDC_27,val,16PDC,28,9,20,16PDC_20-9-28
S2_28-9-20_16PDC_28,val,16PDC,28,9,20,16PDC_20-9-28
S2_28-9-20_16PDC_29,val,16PDC,28,9,20,16PDC_20-9-28
S2_28-9-20_16PDC_3,val,16PDC,28,9,20,16PDC_20-9-28
S2_28-9-20_16PDC_4,val,16PDC,28,9,20,16PDC_20-9-28
S2_28-9-20_16PDC_5,val,16PDC,28,9,20,16PDC_20-9-28
S2_28-9-20_16PDC_6,val,16PDC,28,9,20,16PDC_20-9-28
S2_28-9-20_16PDC_7,val,16PDC,28,9,20,16PDC_20-9-28
S2_28-9-20_16PDC_8,val,16PDC,28,9,20,16PDC_20-9-28
S2_28-9-20_16PDC_9,val,16PDC,28,9,20,16PDC_20-9-28
S2_29-12-20_18QYF_0,val,18QYF,29,12,20,18QYF_20-12-29
S2_29-12-20_18QYF_1,val,18QYF,29,12,20,18QYF_20-12-29
S2_29-12-20_18QYF_10,val,18QYF,29,12,20,18QYF_20-12-29
S2_29-12-20_18QYF_11,val,18QYF,29,12,20,18QYF_20-12-29
S2_29-12-20_18QYF_12,val,18QYF,29,12,20,18QYF_20-12-29
S2_29-12-20_18QYF_2,val,18QYF,29,12,20,18QYF_20-12-29
S2_29-12-20_18QYF_3,val,18QYF,29,12,20,18QYF_20-12-29
S2_29-12-20_18QYF_4,val,18QYF,29,12,20,18QYF_20-12-29
S2_29-12-20_18QYF_5,val,18QYF,29,12,20,18QYF_20-12-29
S2_29-12-20_18QYF_6,val,18QYF,29,12,20,18QYF_20-12-29
S2_29-12-20_18QYF_7,val,18QYF,29,12,20,18QYF_20-12-29
S2_29-12-20_18QYF_8,val,18QYF,29,12,20,18QYF_20-12-29
S2_29-12-20_18QYF_9,val,18QYF,29,12,20,18QYF_20-12-29
S2_29-8-17_51RVQ_0,val,51RVQ,29,8,17,51RVQ_17-8-29
S2_29-8-17_51RVQ_1,val,51RVQ,29,8,17,51RVQ_17-8-29
S2_29-8-17_51RVQ_2,val,51RVQ,29,8,17,51RVQ_17-8-29
S2_29-8-17_51RVQ_3,val,51RVQ,29,8,17,51RVQ_17-8-29
S2_29-8-17_51RVQ_4,val,51RVQ,29,8,17,51RVQ_17-8-29
S2_29-8-17_51RVQ_5,val,51RVQ,29,8,17,51RVQ_17-8-29
S2_29-8-17_51RVQ_6,val,51RVQ,29,8,17,51RVQ_17-8-29
S2_7-3-20_18QYG_0,val,18QYG,7,3,20,18QYG_20-3-7
S2_7-3-20_18QYG_1,val,18QYG,7,3,20,18QYG_20-3-7
S2_7-3-20_18QYG_10,val,18QYG,7,3,20,18QYG_20-3-7
S2_7-3-20_18QYG_11,val,18QYG,7,3,20,18QYG_20-3-7
S2_7-3-20_18QYG_12,val,18QYG,7,3,20,18QYG_20-3-7
S2_7-3-20_18QYG_13,val,18QYG,7,3,20,18QYG_20-3-7
S2_7-3-20_18QYG_14,val,18QYG,7,3,20,18QYG_20-3-7
S2_7-3-20_18QYG_15,val,18QYG,7,3,20,18QYG_20-3-7
S2_7-3-20_18QYG_16,val,18QYG,7,3,20,18QYG_20-3-7
S2_7-3-20_18QYG_17,val,18QYG,7,3,20,18QYG_20-3-7
S2_7-3-20_18QYG_2,val,18QYG,7,3,20,18QYG_20-3-7
S2_7-3-20_18QYG_3,val,18QYG,7,3,20,18QYG_20-3-7
S2_7-3-20_18QYG_4,val,18QYG,7,3,20,18QYG_20-3-7
S2_7-3-20_18QYG_5,val,18QYG,7,3,20,18QYG_20-3-7
S2_7-3-20_18QYG_6,val,18QYG,7,3,20,18QYG_20-3-7
S2_7-3-20_18QYG_7,val,18QYG,7,3,20,18QYG_20-3-7
S2_7-3-20_18QYG_8,val,18QYG,7,3,20,18QYG_20-3-7
S2_7-3-20_18QYG_9,val,18QYG,7,3,20,18QYG_20-3-7
S2_12-12-20_16PCC_0,test,16PCC,12,12,20,16PCC_20-12-12
S2_12-12-20_16PCC_1,test,16PCC,12,12,20,16PCC_20-12-12
S2_12-12-20_16PCC_10,test,16PCC,12,12,20,16PCC_20-12-12
S2_12-12-20_16PCC_11,test,16PCC,12,12,20,16PCC_20-12-12
S2_12-12-20_16PCC_12,test,16PCC,12,12,20,16PCC_20-12-12
S2_12-12-20_16PCC_13,test,16PCC,12,12,20,16PCC_20-12-12
S2_12-12-20_16PCC_14,test,16PCC,12,12,20,16PCC_20-12-12
S2_12-12-20_16PCC_15,test,16PCC,12,12,20,16PCC_20-12-12
S2_12-12-20_16PCC_16,test,16PCC,12,12,20,16PCC_20-12-12
S2_12-12-20_16PCC_17,test,16PCC,12,12,20,16PCC_20-12-12
S2_12-12-20_16PCC_18,test,16PCC,12,12,20,16PCC_20-12-12
S2_12-12-20_16PCC_19,test,16PCC,12,12,20,16PCC_20-12-12
S2_12-12-20_16PCC_2,test,16PCC,12,12,20,16PCC_20-12-12
S2_12-12-20_16PCC_20,test,16PCC,12,12,20,16PCC_20-12-12
S2_12-12-20_16PCC_21,test,16PCC,12,12,20,16PCC_20-12-12
S2_12-12-20_16PCC_22,test,16PCC,12,12,20,16PCC_20-12-12
S2_12-12-20_16PCC_23,test,16PCC,12,12,20,16PCC_20-12-12
S2_12-12-20_16PCC_24,test,16PCC,12,12,20,16PCC_20-12-12
S2_12-12-20_16PCC_25,test,16PCC,12,12,20,16PCC_20-12-12
S2_12-12-20_16PCC_26,test,16PCC,12,12,20,16PCC_20-12-12
S2_12-12-20_16PCC_27,test,16PCC,12,12,20,16PCC_20-12-12
S2_12-12-20_16PCC_3,test,16PCC,12,12,20,16PCC_20-12-12
S2_12-12-20_16PCC_4,test,16PCC,12,12,20,16PCC_20-12-12
S2_12-12-20_16PCC_5,test,16PCC,12,12,20,16PCC_20-12-12
S2_12-12-20_16PCC_6,test,16PCC,12,12,20,16PCC_20-12-12
S2_12-12-20_16PCC_7,test,16PCC,12,12,20,16PCC_20-12-12
S2_12-12-20_16PCC_8,test,16PCC,12,12,20,16PCC_20-12-12
S2_12-12-20_16PCC_9,test,16PCC,12,12,20,16PCC_20-12-12
S2_14-11-18_48PZC_0,test,48PZC,14,11,18,48PZC_18-11-14
S2_14-11-18_48PZC_1,test,48PZC,14,11,18,48PZC_18-11-14
S2_14-11-18_48PZC_10,test,48PZC,14,11,18,48PZC_18-11-14
S2_14-11-18_48PZC_11,test,48PZC,14,11,18,48PZC_18-11-14
S2_14-11-18_48PZC_12,test,48PZC,14,11,18,48PZC_18-11-14
S2_14-11-18_48PZC_13,test,48PZC,14,11,18,48PZC_18-11-14
S2_14-11-18_48PZC_14,test,48PZC,14,11,18,48PZC_18-11-14
S2_14-11-18_48PZC_15,test,48PZC,14,11,18,48PZC_18-11-14
S2_14-11-18_48PZC_16,test,48PZC,14,11,18,48PZC_18-11-14
S2_14-11-18_48PZC_2,test,48PZC,14,11,18,48PZC_18-11-14
S2_14-11-18_48PZC_3,test,48PZC,14,11,18,48PZC_18-11-14
S2_14-11-18_48PZC_4,test,48PZC,14,11,18,48PZC_18-11-14
S2_14-11-18_48PZC_5,test,48PZC,14,11,18,48PZC_18-11-14
S2_14-11-18_48PZC_6,test,48PZC,14,11,18,48PZC_18-11-14
S2_14-11-18_48PZC_7,test,48PZC,14,11,18,48PZC_18-11-14
S2_14-11-18_48PZC_8,test,48PZC,14,11,18,48PZC_18-11-14
S2_14-11-18_48PZC_9,test,48PZC,14,11,18,48PZC_18-11-14
S2_14-9-18_16PCC_0,test,16PCC,14,9,18,16PCC_18-9-14
S2_14-9-18_16PCC_1,test,16PCC,14,9,18,16PCC_18-9-14
S2_14-9-18_16PCC_10,test,16PCC,14,9,18,16PCC_18-9-14
S2_14-9-18_16PCC_11,test,16PCC,14,9,18,16PCC_18-9-14
S2_14-9-18_16PCC_12,test,16PCC,14,9,18,16PCC_18-9-14
S2_14-9-18_16PCC_13,test,16PCC,14,9,18,16PCC_18-9-14
S2_14-9-18_16PCC_14,test,16PCC,14,9,18,16PCC_18-9-14
S2_14-9-18_16PCC_15,test,16PCC,14,9,18,16PCC_18-9-14
S2_14-9-18_16PCC_16,test,16PCC,14,9,18,16PCC_18-9-14
S2_14-9-18_16PCC_17,test,16PCC,14,9,18,16PCC_18-9-14
S2_14-9-18_16PCC_18,test,16PCC,14,9,18,16PCC_18-9-14
S2_14-9-18_16PCC_19,test,16PCC,14,9,18,16PCC_18-9-14
S2_14-9-18_16PCC_2,test,16PCC,14,9,18,16PCC_18-9-14
S2_14-9-18_16PCC_20,test,16PCC,14,9,18,16PCC_18-9-14
S2_14-9-18_16PCC_21,test,16PCC,14,9,18,16PCC_18-9-14
S2_14-9-18_16PCC_22,test,16PCC,14,9,18,16PCC_18-9-14
S2_14-9-18_16PCC_23,test,16PCC,14,9,18,16PCC_18-9-14
S2_14-9-18_16PCC_24,test,16PCC,14,9,18,16PCC_18-9-14
S2_14-9-18_16PCC_25,test,16PCC,14,9,18,16PCC_18-9-14
S2_14-9-18_16PCC_26,test,16PCC,14,9,18,16PCC_18-9-14
S2_14-9-18_16PCC_27,test,16PCC,14,9,18,16PCC_18-9-14
S2_14-9-18_16PCC_28,test,16PCC,14,9,18,16PCC_18-9-14
S2_14-9-18_16PCC_29,test,16PCC,14,9,18,16PCC_18-9-14
S2_14-9-18_16PCC_3,test,16PCC,14,9,18,16PCC_18-9-14
S2_14-9-18_16PCC_30,test,16PCC,14,9,18,16PCC_18-9-14
S2_14-9-18_16PCC_31,test,16PCC,14,9,18,16PCC_18-9-14
S2_14-9-18_16PCC_32,test,16PCC,14,9,18,16PCC_18-9-14
S2_14-9-18_16PCC_33,test,16PCC,14,9,18,16PCC_18-9-14
S2_14-9-18_16PCC_34,test,16PCC,14,9,18,16PCC_18-9-14
S2_14-9-18_16PCC_35,test,16PCC,14,9,18,16PCC_18-9-14
S2_14-9-18_16PCC_36,test,16PCC,14,9,18,16PCC_18-9-14
S2_14-9-18_16PCC_37,test,16PCC,14,9,18,16PCC_18-9-14
S2_14-9-18_16PCC_38,test,16PCC,14,9,18,16PCC_18-9-14
S2_14-9-18_16PCC_39,test,16PCC,14,9,18,16PCC_18-9-14
S2_14-9-18_16PCC_4,test,16PCC,14,9,18,16PCC_18-9-14
S2_14-9-18_16PCC_40,test,16PCC,14,9,18,16PCC_18-9-14
S2_14-9-18_16PCC_41,test,16PCC,14,9,18,16PCC_18-9-14
S2_14-9-18_16PCC_42,test,16PCC,14,9,18,16PCC_18-9-14
S2_14-9-18_16PCC_43,test,16PCC,14,9,18,16PCC_18-9-14
S2_14-9-18_16PCC_5,test,16PCC,14,9,18,16PCC_18-9-14
S2_14-9-18_16PCC_6,test,16PCC,14,9,18,16PCC_18-9-14
S2_14-9-18_16PCC_7,test,16PCC,14,9,18,16PCC_18-9-14
S2_14-9-18_16PCC_8,test,16PCC,14,9,18,16PCC_18-9-14
S2_14-9-18_16PCC_9,test,16PCC,14,9,18,16PCC_18-9-14
S2_15-11-20_16PCC_0,test,16PCC,15,11,20,16PCC_20-11-15
S2_15-11-20_16PCC_1,test,16PCC,15,11,20,16PCC_20-11-15
S2_15-11-20_16PCC_10,test,16PCC,15,11,20,16PCC_20-11-15
S2_15-11-20_16PCC_11,test,16PCC,15,11,20,16PCC_20-11-15
S2_15-11-20_16PCC_12,test,16PCC,15,11,20,16PCC_20-11-15
S2_15-11-20_16PCC_13,test,16PCC,15,11,20,16PCC_20-11-15
S2_15-11-20_16PCC_14,test,16PCC,15,11,20,16PCC_20-11-15
S2_15-11-20_16PCC_15,test,16PCC,15,11,20,16PCC_20-11-15
S2_15-11-20_16PCC_16,test,16PCC,15,11,20,16PCC_20-11-15
S2_15-11-20_16PCC_17,test,16PCC,15,11,20,16PCC_20-11-15
S2_15-11-20_16PCC_18,test,16PCC,15,11,20,16PCC_20-11-15
S2_15-11-20_16PCC_19,test,16PCC,15,11,20,16PCC_20-11-15
S2_15-11-20_16PCC_2,test,16PCC,15,11,20,16PCC_20-11-15
S2_15-11-20_16PCC_20,test,16PCC,15,11,20,16PCC_20-11-15
S2_15-11-20_16PCC_21,test,16PCC,15,11,20,16PCC_20-11-15
S2_15-11-20_16PCC_22,test,16PCC,15,11,20,16PCC_20-11-15
S2_15-11-20_16PCC_23,test,16PCC,15,11,20,16PCC_20-11-15
S2_15-11-20_16PCC_3,test,16PCC,15,11,20,16PCC_20-11-15
S2_15-11-20_16PCC_4,test,16PCC,15,11,20,16PCC_20-11-15
S2_15-11-20_16PCC_5,test,16PCC,15,11,20,16PCC_20-11-15
S2_15-11-20_16PCC_6,test,16PCC,15,11,20,16PCC_20-11-15
S2_15-11-20_16PCC_7,test,16PCC,15,11,20,16PCC_20-11-15
S2_15-11-20_16PCC_8,test,16PCC,15,11,20,16PCC_20-11-15
S2_15-11-20_16PCC_9,test,16PCC,15,11,20,16PCC_20-11-15
S2_16-2-18_16PEC_0,test,16PEC,16,2,18,16PEC_18-2-16
S2_16-2-18_16PEC_1,test,16PEC,16,2,18,16PEC_18-2-16
S2_16-2-18_16PEC_10,test,16PEC,16,2,18,16PEC_18-2-16
S2_16-2-18_16PEC_11,test,16PEC,16,2,18,16PEC_18-2-16
S2_16-2-18_16PEC_12,test,16PEC,16,2,18,16PEC_18-2-16
S2_16-2-18_16PEC_13,test,16PEC,16,2,18,16PEC_18-2-16
S2_16-2-18_16PEC_14,test,16PEC,16,2,18,16PEC_18-2-16
S2_16-2-18_16PEC_15,test,16PEC,16,2,18,16PEC_18-2-16
S2_16-2-18_16PEC_16,test,16PEC,16,2,18,16PEC_18-2-16
S2_16-2-18_16PEC_17,test,16PEC,16,2,18,16PEC_18-2-16
S2_16-2-18_16PEC_18,test,16PEC,16,2,18,16PEC_18-2-16
S2_16-2-18_16PEC_19,test,16PEC,16,2,18,16PEC_18-2-16
S2_16-2-18_16PEC_2,test,16PEC,16,2,18,16PEC_18-2-16
S2_16-2-18_16PEC_20,test,16PEC,16,2,18,16PEC_18-2-16
S2_16-2-18_16PEC_21,test,16PEC,16,2,18,16PEC_18-2-16
S2_16-2-18_16PEC_22,test,16PEC,16,2,18,16PEC_18-2-16
S2_16-2-18_16PEC_23,test,16PEC,16,2,18,16PEC_18-2-16
S2_16-2-18_16PEC_24,test,16PEC,16,2,18,16PEC_18-2-16
S2_16-2-18_16PEC_25,test,16PEC,16,2,18,16PEC_18-2-16
S2_16-2-18_16PEC_26,test,16PEC,16,2,18,16PEC_18-2-16
S2_16-2-18_16PEC_27,test,16PEC,16,2,18,16PEC_18-2-16
S2_16-2-18_16PEC_28,test,16PEC,16,2,18,16PEC_18-2-16
S2_16-2-18_16PEC_3,test,16PEC,16,2,18,16PEC_18-2-16
S2_16-2-18_16PEC_4,test,16PEC,16,2,18,16PEC_18-2-16
S2_16-2-18_16PEC_5,test,16PEC,16,2,18,16PEC_18-2-16
S2_16-2-18_16PEC_6,test,16PEC,16,2,18,16PEC_18-2-16
S2_16-2-18_16PEC_7,test,16PEC,16,2,18,16PEC_18-2-16
S2_16-2-18_16PEC_8,test,16PEC,16,2,18,16PEC_18-2-16
S2_16-2-18_16PEC_9,test,16PEC,16,2,18,16PEC_18-2-16
S2_17-7-16_51PTS_0,test,51PTS,17,7,16,51PTS_16-7-17
S2_17-7-16_51PTS_1,test,51PTS,17,7,16,51PTS_16-7-17
S2_18-5-19_51PTS_0,test,51PTS,18,5,19,51PTS_19-5-18
S2_18-5-19_51PTS_1,test,51PTS,18,5,19,51PTS_19-5-18
S2_18-5-19_51PTS_2,test,51PTS,18,5,19,51PTS_19-5-18
S2_18-5-19_51PTS_3,test,51PTS,18,5,19,51PTS_19-5-18
S2_19-9-18_16PDC_0,test,16PDC,19,9,18,16PDC_18-9-19
S2_19-9-18_16PDC_1,test,16PDC,19,9,18,16PDC_18-9-19
S2_19-9-18_16PDC_10,test,16PDC,19,9,18,16PDC_18-9-19
S2_19-9-18_16PDC_11,test,16PDC,19,9,18,16PDC_18-9-19
S2_19-9-18_16PDC_12,test,16PDC,19,9,18,16PDC_18-9-19
S2_19-9-18_16PDC_13,test,16PDC,19,9,18,16PDC_18-9-19
S2_19-9-18_16PDC_14,test,16PDC,19,9,18,16PDC_18-9-19
S2_19-9-18_16PDC_15,test,16PDC,19,9,18,16PDC_18-9-19
S2_19-9-18_16PDC_16,test,16PDC,19,9,18,16PDC_18-9-19
S2_19-9-18_16PDC_17,test,16PDC,19,9,18,16PDC_18-9-19
S2_19-9-18_16PDC_18,test,16PDC,19,9,18,16PDC_18-9-19
S2_19-9-18_16PDC_19,test,16PDC,19,9,18,16PDC_18-9-19
S2_19-9-18_16PDC_2,test,16PDC,19,9,18,16PDC_18-9-19
S2_19-9-18_16PDC_20,test,16PDC,19,9,18,16PDC_18-9-19
S2_19-9-18_16PDC_21,test,16PDC,19,9,18,16PDC_18-9-19
S2_19-9-18_16PDC_22,test,16PDC,19,9,18,16PDC_18-9-19
S2_19-9-18_16PDC_23,test,16PDC,19,9,18,16PDC_18-9-19
S2_19-9-18_16PDC_24,test,16PDC,19,9,18,16PDC_18-9-19
S2_19-9-18_16PDC_25,test,16PDC,19,9,18,16PDC_18-9-19
S2_19-9-18_16PDC_3,test,16PDC,19,9,18,16PDC_18-9-19
S2_19-9-18_16PDC_4,test,16PDC,19,9,18,16PDC_18-9-19
S2_19-9-18_16PDC_5,test,16PDC,19,9,18,16PDC_18-9-19
S2_19-9-18_16PDC_6,test,16PDC,19,9,18,16PDC_18-9-19
S2_19-9-18_16PDC_7,test,16PDC,19,9,18,16PDC_18-9-19
S2_19-9-18_16PDC_8,test,16PDC,19,9,18,16PDC_18-9-19
S2_19-9-18_16PDC_9,test,16PDC,19,9,18,16PDC_18-9-19
S2_22-12-20_18QYF_0,test,18QYF,22,12,20,18QYF_20-12-22
S2_22-12-20_18QYF_1,test,18QYF,22,12,20,18QYF_20-12-22
S2_27-1-19_16PCC_0,test,16PCC,27,1,19,16PCC_19-1-27
S2_27-1-19_16PCC_1,test,16PCC,27,1,19,16PCC_19-1-27
S2_27-1-19_16PCC_10,test,16PCC,27,1,19,16PCC_19-1-27
S2_27-1-19_16PCC_11,test,16PCC,27,1,19,16PCC_19-1-27
S2_27-1-19_16PCC_12,test,16PCC,27,1,19,16PCC_19-1-27
S2_27-1-19_16PCC_13,test,16PCC,27,1,19,16PCC_19-1-27
S2_27-1-19_16PCC_14,test,16PCC,27,1,19,16PCC_19-1-27
S2_27-1-19_16PCC_15,test,16PCC,27,1,19,16PCC_19-1-27
S2_27-1-19_16PCC_16,test,16PCC,27,1,19,16PCC_19-1-27
S2_27-1-19_16PCC_17,test,16PCC,27,1,19,16PCC_19-1-27
S2_27-1-19_16PCC_18,test,16PCC,27,1,19,16PCC_19-1-27
S2_27-1-19_16PCC_19,test,16PCC,27,1,19,16PCC_19-1-27
S2_27-1-19_16PCC_2,test,16PCC,27,1,19,16PCC_19-1-27
S2_27-1-19_16PCC_20,test,16PCC,27,1,19,16PCC_19-1-27
S2_27-1-19_16PCC_21,test,16PCC,27,1,19,16PCC_19-1-27
S2_27-1-19_16PCC_22,test,16PCC,27,1,19,16PCC_19-1-27
S2_27-1-19_16PCC_23,test,16PCC,27,1,19,16PCC_19-1-27
S2_27-1-19_16PCC_24,test,16PCC,27,1,19,16PCC_19-1-27
S2_27-1-19_16PCC_25,test,16PCC,27,1,19,16PCC_19-1-27
S2_27-1-19_16PCC_26,test,16PCC,27,1,19,16PCC_19-1-27
S2_27-1-19_16PCC_27,test,16PCC,27,1,19,16PCC_19-1-27
S2_27-1-19_16PCC_28,test,16PCC,27,1,19,16PCC_19-1-27
S2_27-1-19_16PCC_29,test,16PCC,27,1,19,16PCC_19-1-27
S2_27-1-19_16PCC_3,test,16PCC,27,1,19,16PCC_19-1-27
S2_27-1-19_16PCC_30,test,16PCC,27,1,19,16PCC_19-1-27
S2_27-1-19_16PCC_4,test,16PCC,27,1,19,16PCC_19-1-27
S2_27-1-19_16PCC_5,test,16PCC,27,1,19,16PCC_19-1-27
S2_27-1-19_16PCC_6,test,16PCC,27,1,19,16PCC_19-1-27
S2_27-1-19_16PCC_7,test,16PCC,27,1,19,16PCC_19-1-27
S2_27-1-19_16PCC_8,test,16PCC,27,1,19,16PCC_19-1-27
S2_27-1-19_16PCC_9,test,16PCC,27,1,19,16PCC_19-1-27
S2_27-1-19_16QED_0,test,16QED,27,1,19,16QED_19-1-27
S2_27-1-19_16QED_1,test,16QED,27,1,19,16QED_19-1-27
S2_27-1-19_16QED_10,test,16QED,27,1,19,16QED_19-1-27
S2_27-1-19_16QED_11,test,16QED,27,1,19,16QED_19-1-27
S2_27-1-19_16QED_12,test,16QED,27,1,19,16QED_19-1-27
S2_27-1-19_16QED_13,test,16QED,27,1,19,16QED_19-1-27
S2_27-1-19_16QED_14,test,16QED,27,1,19,16QED_19-1-27
S2_27-1-19_16QED_15,test,16QED,27,1,19,16QED_19-1-27
S2_27-1-19_16QED_16,test,16QED,27,1,19,16QED_19-1-27
S2_27-1-19_16QED_17,test,16QED,27,1,19,16QED_19-1-27
S2_27-1-19_16QED_18,test,16QED,27,1,19,16QED_19-1-27
S2_27-1-19_16QED_2,test,16QED,27,1,19,16QED_19-1-27
S2_27-1-19_16QED_3,test,16QED,27,1,19,16QED_19-1-27
S2_27-1-19_16QED_4,test,16QED,27,1,19,16QED_19-1-27
S2_27-1-19_16QED_5,test,16QED,27,1,19,16QED_19-1-27
S2_27-1-19_16QED_6,test,16QED,27,1,19,16QED_19-1-27
S2_27-1-19_16QED_7,test,16QED,27,1,19,16QED_19-1-27
S2_27-1-19_16QED_8,test,16QED,27,1,19,16QED_19-1-27
S2_27-1-19_16QED_9,test,16QED,27,1,19,16QED_19-1-27
S2_28-9-20_16PCC_0,test,16PCC,28,9,20,16PCC_20-9-28
S2_28-9-20_16PCC_1,test,16PCC,28,9,20,16PCC_20-9-28
S2_28-9-20_16PCC_10,test,16PCC,28,9,20,16PCC_20-9-28
S2_28-9-20_16PCC_11,test,16PCC,28,9,20,16PCC_20-9-28
S2_28-9-20_16PCC_12,test,16PCC,28,9,20,16PCC_20-9-28
S2_28-9-20_16PCC_13,test,16PCC,28,9,20,16PCC_20-9-28
S2_28-9-20_16PCC_14,test,16PCC,28,9,20,16PCC_20-9-28
S2_28-9-20_16PCC_15,test,16PCC,28,9,20,16PCC_20-9-28
S2_28-9-20_16PCC_2,test,16PCC,28,9,20,16PCC_20-9-28
S2_28-9-20_16PCC_3,test,16PCC,28,9,20,16PCC_20-9-28
S2_28-9-20_16PCC_4,test,16PCC,28,9,20,16PCC_20-9-28
S2_28-9-20_16PCC_5,test,16PCC,28,9,20,16PCC_20-9-28
S2_28-9-20_16PCC_6,test,16PCC,28,9,20,16PCC_20-9-28
S2_28-9-20_16PCC_7,test,16PCC,28,9,20,16PCC_20-9-28
S2_28-9-20_16PCC_8,test,16PCC,28,9,20,16PCC_20-9-28
S2_28-9-20_16PCC_9,test,16PCC,28,9,20,16PCC_20-9-28
S2_3-11-16_16PDC_0,test,16PDC,3,11,16,16PDC_16-11-3
S2_3-11-16_16PDC_1,test,16PDC,3,11,16,16PDC_16-11-3
S2_3-11-16_16PDC_10,test,16PDC,3,11,16,16PDC_16-11-3
S2_3-11-16_16PDC_11,test,16PDC,3,11,16,16PDC_16-11-3
S2_3-11-16_16PDC_12,test,16PDC,3,11,16,16PDC_16-11-3
S2_3-11-16_16PDC_13,test,16PDC,3,11,16,16PDC_16-11-3
S2_3-11-16_16PDC_14,test,16PDC,3,11,16,16PDC_16-11-3
S2_3-11-16_16PDC_15,test,16PDC,3,11,16,16PDC_16-11-3
S2_3-11-16_16PDC_16,test,16PDC,3,11,16,16PDC_16-11-3
S2_3-11-16_16PDC_17,test,16PDC,3,11,16,16PDC_16-11-3
S2_3-11-16_16PDC_18,test,16PDC,3,11,16,16PDC_16-11-3
S2_3-11-16_16PDC_19,test,16PDC,3,11,16,16PDC_16-11-3
S2_3-11-16_16PDC_2,test,16PDC,3,11,16,16PDC_16-11-3
S2_3-11-16_16PDC_20,test,16PDC,3,11,16,16PDC_16-11-3
S2_3-11-16_16PDC_21,test,16PDC,3,11,16,16PDC_16-11-3
S2_3-11-16_16PDC_22,test,16PDC,3,11,16,16PDC_16-11-3
S2_3-11-16_16PDC_23,test,16PDC,3,11,16,16PDC_16-11-3
S2_3-11-16_16PDC_24,test,16PDC,3,11,16,16PDC_16-11-3
S2_3-11-16_16PDC_25,test,16PDC,3,11,16,16PDC_16-11-3
S2_3-11-16_16PDC_26,test,16PDC,3,11,16,16PDC_16-11-3
S2_3-11-16_16PDC_27,test,16PDC,3,11,16,16PDC_16-11-3
S2_3-11-16_16PDC_28,test,16PDC,3,11,16,16PDC_16-11-3
S2_3-11-16_16PDC_29,test,16PDC,3,11,16,16PDC_16-11-3
S2_3-11-16_16PDC_3,test,16PDC,3,11,16,16PDC_16-11-3
S2_3-11-16_16PDC_30,test,16PDC,3,11,16,16PDC_16-11-3
S2_3-11-16_16PDC_31,test,16PDC,3,11,16,16PDC_16-11-3
S2_3-11-16_16PDC_32,test,16PDC,3,11,16,16PDC_16-11-3
S2_3-11-16_16PDC_33,test,16PDC,3,11,16,16PDC_16-11-3
S2_3-11-16_16PDC_34,test,16PDC,3,11,16,16PDC_16-11-3
S2_3-11-16_16PDC_35,test,16PDC,3,11,16,16PDC_16-11-3
S2_3-11-16_16PDC_36,test,16PDC,3,11,16,16PDC_16-11-3
S2_3-11-16_16PDC_37,test,16PDC,3,11,16,16PDC_16-11-3
S2_3-11-16_16PDC_38,test,16PDC,3,11,16,16PDC_16-11-3
S2_3-11-16_16PDC_39,test,16PDC,3,11,16,16PDC_16-11-3
S2_3-11-16_16PDC_4,test,16PDC,3,11,16,16PDC_16-11-3
S2_3-11-16_16PDC_40,test,16PDC,3,11,16,16PDC_16-11-3
S2_3-11-16_16PDC_41,test,16PDC,3,11,16,16PDC_16-11-3
S2_3-11-16_16PDC_42,test,16PDC,3,11,16,16PDC_16-11-3
S2_3-11-16_16PDC_43,test,16PDC,3,11,16,16PDC_16-11-3
S2_3-11-16_16PDC_44,test,16PDC,3,11,16,16PDC_16-11-3
S2_3-11-16_16PDC_5,test,16PDC,3,11,16,16PDC_16-11-3
S2_3-11-16_16PDC_6,test,16PDC,3,11,16,16PDC_16-11-3
S2_3-11-16_16PDC_7,test,16PDC,3,11,16,16PDC_16-11-3
S2_3-11-16_16PDC_8,test,16PDC,3,11,16,16PDC_16-11-3
S2_3-11-16_16PDC_9,test,16PDC,3,11,16,16PDC_16-11-3
S2_30-8-18_16PCC_0,test,16PCC,30,8,18,16PCC_18-8-30
S2_30-8-18_16PCC_1,test,16PCC,30,8,18,16PCC_18-8-30
S2_30-8-18_16PCC_10,test,16PCC,30,8,18,16PCC_18-8-30
S2_30-8-18_16PCC_11,test,16PCC,30,8,18,16PCC_18-8-30
S2_30-8-18_16PCC_12,test,16PCC,30,8,18,16PCC_18-8-30
S2_30-8-18_16PCC_13,test,16PCC,30,8,18,16PCC_18-8-30
S2_30-8-18_16PCC_14,test,16PCC,30,8,18,16PCC_18-8-30
S2_30-8-18_16PCC_15,test,16PCC,30,8,18,16PCC_18-8-30
S2_30-8-18_16PCC_16,test,16PCC,30,8,18,16PCC_18-8-30
S2_30-8-18_16PCC_17,test,16PCC,30,8,18,16PCC_18-8-30
S2_30-8-18_16PCC_18,test,16PCC,30,8,18,16PCC_18-8-30
S2_30-8-18_16PCC_19,test,16PCC,30,8,18,16PCC_18-8-30
S2_30-8-18_16PCC_2,test,16PCC,30,8,18,16PCC_18-8-30
S2_30-8-18_16PCC_20,test,16PCC,30,8,18,16PCC_18-8-30
S2_30-8-18_16PCC_21,test,16PCC,30,8,18,16PCC_18-8-30
S2_30-8-18_16PCC_22,test,16PCC,30,8,18,16PCC_18-8-30
S2_30-8-18_16PCC_23,test,16PCC,30,8,18,16PCC_18-8-30
S2_30-8-18_16PCC_24,test,16PCC,30,8,18,16PCC_18-8-30
S2_30-8-18_16PCC_25,test,16PCC,30,8,18,16PCC_18-8-30
S2_30-8-18_16PCC_26,test,16PCC,30,8,18,16PCC_18-8-30
S2_30-8-18_16PCC_27,test,16PCC,30,8,18,16PCC_18-8-30
S2_30-8-18_16PCC_28,test,16PCC,30,8,18,16PCC_18-8-30
S2_30-8-18_16PCC_29,test,16PCC,30,8,18,16PCC_18-8-30
S2_30-8-18_16PCC_3,test,16PCC,30,8,18,16PCC_18-8-30
S2_30-8-18_16PCC_30,test,16PCC,30,8,18,16PCC_18-8-30
S2_30-8-18_16PCC_31,test,16PCC,30,8,18,16PCC_18-8-30
S2_30-8-18_16PCC_32,test,16PCC,30,8,18,16PCC_18-8-30
S2_30-8-18_16PCC_33,test,16PCC,30,8,18,16PCC_18-8-30
S2_30-8-18_16PCC_34,test,16PCC,30,8,18,16PCC_18-8-30
S2_30-8-18_16PCC_35,test,16PCC,30,8,18,16PCC_18-8-30
S2_30-8-18_16PCC_36,test,16PCC,30,8,18,16PCC_18-8-30
S2_30-8-18_16PCC_37,test,16PCC,30,8,18,16PCC_18-8-30
S2_30-8-18_16PCC_38,test,16PCC,30,8,18,16PCC_18-8-30
S2_30-8-18_16PCC_39,test,16PCC,30,8,18,16PCC_18-8-30
S2_30-8-18_16PCC_4,test,16PCC,30,8,18,16PCC_18-8-30
S2_30-8-18_16PCC_40,test,16PCC,30,8,18,16PCC_18-8-30
S2_30-8-18_16PCC_41,test,16PCC,30,8,18,16PCC_18-8-30
S2_30-8-18_16PCC_42,test,16PCC,30,8,18,16PCC_18-8-30
S2_30-8-18_16PCC_43,test,16PCC,30,8,18,16PCC_18-8-30
S2_30-8-18_16PCC_44,test,16PCC,30,8,18,16PCC_18-8-30
S2_30-8-18_16PCC_45,test,16PCC,30,8,18,16PCC_18-8-30
S2_30-8-18_16PCC_5,test,16PCC,30,8,18,16PCC_18-8-30
S2_30-8-18_16PCC_6,test,16PCC,30,8,18,16PCC_18-8-30
S2_30-8-18_16PCC_7,test,16PCC,30,8,18,16PCC_18-8-30
S2_30-8-18_16PCC_8,test,16PCC,30,8,18,16PCC_18-8-30
S2_30-8-18_16PCC_9,test,16PCC,30,8,18,16PCC_18-8-30
S2_4-3-18_50LLR_0,test,50LLR,4,3,18,50LLR_18-3-4
S2_4-3-18_50LLR_1,test,50LLR,4,3,18,50LLR_18-3-4
S2_4-3-18_50LLR_10,test,50LLR,4,3,18,50LLR_18-3-4
S2_4-3-18_50LLR_11,test,50LLR,4,3,18,50LLR_18-3-4
S2_4-3-18_50LLR_12,test,50LLR,4,3,18,50LLR_18-3-4
S2_4-3-18_50LLR_13,test,50LLR,4,3,18,50LLR_18-3-4
S2_4-3-18_50LLR_14,test,50LLR,4,3,18,50LLR_18-3-4
S2_4-3-18_50LLR_15,test,50LLR,4,3,18,50LLR_18-3-4
S2_4-3-18_50LLR_16,test,50LLR,4,3,18,50LLR_18-3-4
S2_4-3-18_50LLR_17,test,50LLR,4,3,18,50LLR_18-3-4
S2_4-3-18_50LLR_18,test,50LLR,4,3,18,50LLR_18-3-4
S2_4-3-18_50LLR_19,test,50LLR,4,3,18,50LLR_18-3-4
S2_4-3-18_50LLR_2,test,50LLR,4,3,18,50LLR_18-3-4
S2_4-3-18_50LLR_20,test,50LLR,4,3,18,50LLR_18-3-4
S2_4-3-18_50LLR_21,test,50LLR,4,3,18,50LLR_18-3-4
S2_4-3-18_50LLR_22,test,50LLR,4,3,18,50LLR_18-3-4
S2_4-3-18_50LLR_23,test,50LLR,4,3,18,50LLR_18-3-4
S2_4-3-18_50LLR_24,test,50LLR,4,3,18,50LLR_18-3-4
S2_4-3-18_50LLR_25,test,50LLR,4,3,18,50LLR_18-3-4
S2_4-3-18_50LLR_3,test,50LLR,4,3,18,50LLR_18-3-4
S2_4-3-18_50LLR_4,test,50LLR,4,3,18,50LLR_18-3-4
S2_4-3-18_50LLR_5,test,50LLR,4,3,18,50LLR_18-3-4
S2_4-3-18_50LLR_6,test,50LLR,4,3,18,50LLR_18-3-4
S2_4-3-18_50LLR_7,test,50LLR,4,3,18,50LLR_18-3-4
S2_4-3-18_50LLR_8,test,50LLR,4,3,18,50LLR_18-3-4
S2_4-3-18_50LLR_9,test,50LLR,4,3,18,50LLR_18-3-4
